1.081755510945494117e-02 4.000000000000000000e+00 6.369616873214543062e-01 2.697867137638703117e-01 4.925755625001150051e+00 1.652763552852909434e+00 8.132702392002724423e+01 
8.730903085753469184e-02 3.700000000000000000e+01 9.127555772777217191e-01 6.066357757671798634e-01 3.728633836624792508e+01 5.436249914654228377e+01 9.350724237877682299e+01 
3.392986254976000371e-01 4.300000000000000000e+01 8.158535541215321540e-01 2.738500170148094881e-03 4.329800099961575910e+01 3.358557530546435466e+00 7.296554464299440212e+01 
7.005254272274914762e-02 2.800000000000000000e+01 1.756556206025590150e-01 8.631789223498865793e-01 2.844867735170731038e+01 2.997118905373847753e+01 4.226872211976584737e+01 
1.404792569900106813e-02 3.400000000000000000e+01 2.831967114546296571e-02 1.242832764995639439e-01 3.451934749060062302e+01 6.471895115742501048e+01 6.153851114812538725e+01 
9.905917601821780105e-03 4.900000000000000000e+01 3.836775542618834356e-01 9.972099357892110216e-01 4.909926092248281293e+01 6.855419844806947083e+01 6.504592762678163353e+01 
1.047352416154473560e-02 9.000000000000000000e+00 6.884467305709400797e-01 3.889214239791037864e-01 9.349535736053326218e+00 7.214883401940817009e+01 5.253543224757258656e+01 
1.288848878727852920e-01 4.400000000000000000e+01 3.102418755589556598e-01 4.858353588317890770e-01 4.480592821440301066e+01 9.340435159562497347e+01 3.577951967090702112e+01 
1.684501265887321242e-02 3.000000000000000000e+01 5.715298307297609348e-01 3.218693910759421462e-01 3.093210141938574864e+01 3.379112255071332527e+01 3.916190005281612230e+01 
8.555923994161653001e-02 3.200000000000000000e+01 8.902743520047923242e-01 2.271575935333797203e-01 3.228979580024399354e+01 8.401534358238482270e+00 8.326441476533977948e+01 
1.152717258650123172e-02 3.700000000000000000e+01 9.127555772777217191e-01 8.527459868901642315e-01 3.728633836624792508e+01 2.754305534885825324e+01 9.586769583440822373e+01 
1.099070316845429489e-02 1.100000000000000000e+01 8.235507093948734036e-01 3.889214239791037864e-01 1.110974989685311343e+01 6.447071611112623657e+01 5.253543224757258656e+01 
4.230142054622809678e-01 4.900000000000000000e+01 6.880581968555579131e-01 9.972099357892110216e-01 4.909926092248281293e+01 6.863824611115623497e+01 6.504592762678163353e+01 
1.076777859638183843e-02 4.000000000000000000e+00 6.369616873214543062e-01 2.471474245809140990e-01 4.288748102828794373e+00 1.652763552852909434e+00 8.132702392002724423e+01 
3.426271885567718639e-02 3.200000000000000000e+01 8.902743520047923242e-01 9.023421812022476285e-01 3.228979580024399354e+01 8.401534358238482270e+00 8.326441476533977948e+01 
4.935949144938731742e-02 2.800000000000000000e+01 1.756556206025590150e-01 6.159952860004326292e-01 2.844867735170731038e+01 5.679063289010629489e+01 3.972690591619691958e+01 
1.509423070221393819e-02 3.400000000000000000e+01 2.831967114546296571e-02 1.242832764995639439e-01 3.451934749060062302e+01 7.239706906570695821e+01 6.153851114812538725e+01 
1.066113180668121739e-02 9.000000000000000000e+00 3.840660878987284255e-01 3.889214239791037864e-01 9.349535736053326218e+00 7.866885605959285499e+01 5.253543224757258656e+01 
1.981189489272418836e-01 3.500000000000000000e+01 2.934988277123729006e-02 1.242832764995639439e-01 3.540070055368880020e+01 6.471895115742501048e+01 6.153851114812538725e+01 
5.671071757961973492e-02 3.700000000000000000e+01 1.584103568944777995e-01 1.875828953667337817e-01 3.767372348737033860e+01 2.997118905373847753e+01 4.226872211976584737e+01 
8.676173854357803819e-03 4.000000000000000000e+00 5.715298307297609348e-01 3.218693910759421462e-01 4.036212464759135088e+00 3.441330190210695861e+01 3.916190005281612230e+01 
1.098914225495102592e-02 1.200000000000000000e+01 8.235087286765537806e-01 3.760246438282530690e-01 1.241799326658762403e+01 6.447071611112623657e+01 5.230208371736770800e+01 
1.854686982584444199e-01 9.000000000000000000e+00 6.798509404876018625e-01 3.889214239791037864e-01 9.349535736053326218e+00 7.704099701459114158e+01 5.253543224757258656e+01 
3.489695767035685958e-03 4.000000000000000000e+00 6.401222755201360082e-01 2.697867137638703117e-01 4.925755625001150051e+00 6.234053773129722309e+00 8.132702392002724423e+01 
1.072345367175455040e-02 1.000000000000000000e+01 6.884467305709400797e-01 9.997171329792493566e-01 1.056695872720754181e+01 7.214883401940817009e+01 5.142976882083622314e+01 
4.941318011747682787e-02 3.100000000000000000e+01 6.369616873214543062e-01 2.471474245809140990e-01 3.139606989835664308e+01 1.845302127701716088e+00 8.132702392002724423e+01 
1.631088924011425245e+00 3.500000000000000000e+01 9.127975579537535022e-01 8.656317570682279250e-01 3.597825214915638981e+01 2.754305534885825324e+01 9.604471687793113688e+01 
1.038005901142565433e-02 8.000000000000000000e+00 6.090038067669399924e-01 3.889214239791037864e-01 8.605588894837081781e+00 7.866885605959285499e+01 5.253543224757258656e+01 
1.076777847557225387e-02 3.000000000000000000e+00 6.369616873214543062e-01 2.471474245809140990e-01 3.525368929621349956e+00 1.652763552852909434e+00 8.132702392002724423e+01 
3.835750451604037770e-02 4.700000000000000000e+01 3.836775542618834356e-01 3.076455543003254189e-01 4.756223588426244930e+01 6.739818839847752940e+01 6.615159105351752089e+01 
1.100687130959140253e-02 4.000000000000000000e+00 3.772044720722988465e-01 3.218693910759421462e-01 4.036212464759135088e+00 6.891957205488805016e+01 3.916190005281612230e+01 
5.119701621906961632e-03 3.000000000000000000e+00 6.091554295858051526e-01 2.164372683912685891e-01 3.599798653807153137e+00 6.234053773129722309e+00 8.132702392002724423e+01 
1.076839056239860780e-02 4.000000000000000000e+00 6.369616873214543062e-01 2.473915689975450805e-01 4.288748102828794373e+00 1.652763552852909434e+00 8.132702392002724423e+01 
1.076805707426278791e-02 3.000000000000000000e+00 6.369576846805445891e-01 2.472589903588255922e-01 3.627047025586739970e+00 1.652763552852909434e+00 8.132702392002724423e+01 
2.710442267956681556e-02 3.000000000000000000e+00 5.715298307297609348e-01 3.413397474339099347e-01 3.576295474702037680e+00 7.086940705989039202e+01 3.867682510265001383e+01 
1.006598454532933382e-02 4.900000000000000000e+01 5.756578654820188046e-01 9.991132737120977936e-01 4.909926092248281293e+01 3.404792826198386990e+01 6.504592762678163353e+01 
1.081295681895358754e-02 4.000000000000000000e+00 6.369616873214543062e-01 2.674223505663870237e-01 4.851328420793218577e+00 1.652763552852909434e+00 8.132702392002724423e+01 
1.081708615266845259e-02 4.000000000000000000e+00 6.369616873214543062e-01 2.695425693472393025e-01 4.925755625001150051e+00 1.652763552852909434e+00 8.132702392002724423e+01 
3.489549243628654353e-03 4.000000000000000000e+00 6.401262781610456143e-01 2.696751479859588185e-01 4.824079939283229201e+00 6.234053773129722309e+00 7.988844668740340182e+01 
1.105267066218665502e-02 1.100000000000000000e+01 6.884467305709400797e-01 9.669551639321027903e-01 1.105008925519063823e+01 3.569272861998931035e+01 5.191484377100233871e+01 
5.382404204391603823e-03 3.000000000000000000e+00 6.402343475358270863e-01 2.472589903588255922e-01 3.627047025586739970e+00 6.286676675106178891e+00 8.132702392002724423e+01 
1.100687130954291007e-02 3.000000000000000000e+00 5.715298307297609348e-01 3.413397474339099347e-01 3.576295474702037680e+00 1.642143208701874002e+01 3.781817778194240987e+01 
3.489549243628654353e-03 4.000000000000000000e+00 6.401262781610456143e-01 2.696751479859588185e-01 4.516347015238497242e+00 6.234053773129722309e+00 7.988844668740340182e+01 
3.629016450280551642e-01 4.800000000000000000e+01 3.836775542618834356e-01 9.982839453741522151e-01 4.848919123323142344e+01 6.942057327101521480e+01 4.035075056959190221e+01 
1.081752261739831432e-02 4.000000000000000000e+00 6.368456126648535109e-01 2.697867137638703117e-01 4.925755625001150051e+00 1.600163736862860286e+00 8.132702392002724423e+01 
5.175138488643492990e-03 3.000000000000000000e+00 6.091554295858051526e-01 2.164372683912685891e-01 3.599798653807153137e+00 6.948802109218372891e+01 8.132702392002724423e+01 
1.085052155551225264e-02 5.000000000000000000e+00 6.401262781610456143e-01 2.884452873614961055e-01 5.681139740992882992e+00 1.783870292779178079e+00 8.072842538549423352e+01 
3.801218859621263713e-02 4.000000000000000000e+00 5.715298307297609348e-01 3.061528218612716845e-01 4.602946301091154879e+00 3.771643479903921303e+01 6.504744652213238965e+01 
1.071167460755781224e-02 3.000000000000000000e+00 6.093955394632717404e-01 2.311036022576167248e-01 3.596604592064222672e+00 1.675273401446892407e+00 8.132702392002724423e+01 
5.356986438345981254e-03 3.000000000000000000e+00 6.367215774439876075e-01 2.164372683912685891e-01 3.528562991364280421e+00 6.211555834616961924e+00 8.132702392002724423e+01 
1.260624129452301012e-01 3.000000000000000000e+00 6.091554295858051526e-01 2.180226338434353983e-01 3.599798653807153137e+00 7.087893899801463249e+01 8.132702392002724423e+01 
1.100687130954291007e-02 3.000000000000000000e+00 6.091454637599621469e-01 2.318331194764498282e-01 3.596602556113137616e+00 2.777702025540596420e+00 9.678069683143137070e+01 
8.576147905996041321e-03 3.000000000000000000e+00 6.367215774439876075e-01 2.465114347025864627e-01 3.528562991364280421e+00 1.459912523033358944e+01 8.132702392002724423e+01 
4.005095888645129019e-03 4.000000000000000000e+00 6.081818020983248418e-01 2.440896361463456010e-01 4.526730249696576003e+00 6.234053773129722309e+00 7.988844668740340182e+01 
1.065796881630265598e-02 3.000000000000000000e+00 6.096677490904341967e-01 2.157333291907547190e-01 3.525368929621349956e+00 1.672482915259115188e+00 8.132702392002724423e+01 
1.087359625641275661e-02 5.000000000000000000e+00 6.369616873214543062e-01 2.455620591287472898e-01 5.691996854924136429e+00 1.356209925274583838e+00 8.132702392002724423e+01 
1.100687130954291007e-02 3.000000000000000000e+00 6.094055052891148572e-01 2.157077511724354857e-01 3.119580019170846263e+00 9.804548961407416385e+00 8.132702392002724423e+01 
5.529238539031385187e-03 3.000000000000000000e+00 6.402343475358270863e-01 2.544243546063574835e-01 3.627047025586739970e+00 6.211784162815048305e+00 8.132702392002724423e+01 
9.156578611809217116e-02 3.000000000000000000e+00 6.413400155259924018e-01 2.311036022576167248e-01 3.586221402982695317e+00 7.285010313696611561e-01 8.132702392002724423e+01 
5.403092757044496500e-03 3.000000000000000000e+00 6.364493678168251511e-01 2.478513637814279691e-01 3.599798653807153137e+00 6.214346335457708648e+00 8.132702392002724423e+01 
1.100687130954291007e-02 3.000000000000000000e+00 6.393739529998638815e-01 2.164372683912685891e-01 3.599798653807153137e+00 7.296842235690886014e+01 8.132702392002724423e+01 
5.328925833135165872e-03 3.000000000000000000e+00 6.081818020983248418e-01 2.477352243687974409e-01 3.576354024724678116e+00 6.216272160936109792e+00 7.988224914772591490e+01 
5.027239614627791557e-03 3.000000000000000000e+00 6.091554295858051526e-01 1.978996907202936195e-01 3.599798653807153137e+00 6.234053773129722309e+00 8.132702392002724423e+01 
3.492905468716591289e-03 4.000000000000000000e+00 6.402310811558766801e-01 2.697867137638703117e-01 4.925755625001150051e+00 6.232770174538928565e+00 8.132702392002724423e+01 
5.469266497983091800e-03 3.000000000000000000e+00 6.401218022486463433e-01 2.516192890473881172e-01 3.525363591634607552e+00 6.211555834616961924e+00 8.132702392002724423e+01 
1.073292732786951253e-02 4.000000000000000000e+00 6.099037521060772793e-01 2.697867137638703117e-01 4.925755625001150051e+00 1.124451140917809511e+01 8.132702392002724423e+01 
3.329622294491614218e-03 4.000000000000000000e+00 6.364493678168251511e-01 2.442057755589761292e-01 4.550174966766713069e+00 6.232127947651322053e+00 8.133322145970471695e+01 
6.062826005490001141e-03 3.000000000000000000e+00 6.091554295858051526e-01 2.164372683912685891e-01 3.599798653807153137e+00 6.948802109218372891e+01 8.476728670241907082e+01 
5.380960054488947812e-03 3.000000000000000000e+00 6.401255419000864144e-01 2.472589903588255922e-01 3.627047025586739970e+00 6.287960273696973523e+00 8.183391982893618888e+01 
3.483998274026108965e-03 4.000000000000000000e+00 6.367260533563867675e-01 2.696751479859588185e-01 4.519546581166237864e+00 6.234053773129722309e+00 7.988844668740340182e+01 
5.328730591557600919e-03 3.000000000000000000e+00 6.081679283060067442e-01 2.477352243687974409e-01 3.601457016971403302e+00 6.397475810612530012e+00 7.988224914772591490e+01 
5.937486397619455403e+00 5.000000000000000000e+00 6.364493678168251511e-01 2.439658636253500823e-01 5.120767120846453579e+00 6.232174782539175339e+00 8.133322145970471695e+01 
4.244574568647110802e+00 4.000000000000000000e+00 6.401262781610456143e-01 2.696751479859588185e-01 4.516347015238497242e+00 1.271751233117914737e+01 7.988844668740340182e+01 
1.053270716563957723e-02 4.000000000000000000e+00 6.401262781610456143e-01 2.700772219345802805e-01 4.824079939283229201e+00 5.298365700265916800e+00 7.988844668740340182e+01 
3.356296068374081502e-03 4.000000000000000000e+00 6.051775311487407327e-01 2.441923404691354604e-01 4.550174966766713069e+00 6.232526226712133521e+00 8.133322145970471695e+01 
1.107744414869810991e-02 3.000000000000000000e+00 6.091693033781232502e-01 2.164372683912685891e-01 3.574695661560428395e+00 6.718979438241511559e+01 8.132702392002724423e+01 
1.024302731719672899e-02 4.000000000000000000e+00 6.462814210306490059e-01 3.115664007208210906e-01 4.824079939283229201e+00 5.800049242277886208e+00 6.863604673577033566e+01 
5.446105153316828547e-03 3.000000000000000000e+00 6.401262781610456143e-01 2.243037309632385234e-01 3.359330010999782790e+00 6.234053773129722309e+00 7.988844668740340182e+01 
5.119701621906961632e-03 3.000000000000000000e+00 6.091554295858051526e-01 2.164372683912685891e-01 3.416464737284519160e+00 6.234053773129722309e+00 8.132702392002724423e+01 
3.491807090872258486e-03 4.000000000000000000e+00 6.081818020983248418e-01 2.694179819962715383e-01 4.022282164190166931e+00 6.215873881875298324e+00 7.988224914772591490e+01 
9.431351308391624014e-03 3.000000000000000000e+00 5.902566768057702085e-01 1.978996907202936195e-01 3.634893431997390678e+00 7.488766816816959881e+00 9.026949923077933136e+01 
5.119701621906961632e-03 3.000000000000000000e+00 6.091554295858051526e-01 2.164372683912685891e-01 3.599798653807153137e+00 6.741351432156580614e+00 8.132702392002724423e+01 
5.207039374997932124e-03 3.000000000000000000e+00 6.091976522077707790e-01 1.233280350498333067e-01 3.605409842403188403e+00 6.238578550081776086e+00 8.169591179022721406e+01 
3.471400059549397676e-01 3.000000000000000000e+00 6.091554295858051526e-01 2.002229911787529737e-01 3.600111825909659391e+00 3.738707830939758558e+00 8.372417718045298329e+01 
1.254621166006816557e-01 6.000000000000000000e+00 6.094760754051914420e-01 2.145596999363717228e-01 6.722479955675398244e+00 6.936274615833653456e+01 7.988321418576130384e+01 
5.584827120633653781e-03 4.000000000000000000e+00 6.051490215054237121e-01 2.441923404691354604e-01 4.515080217804177565e+00 6.233953669652949614e+00 8.133343827526326208e+01 
5.175138488643492990e-03 3.000000000000000000e+00 6.091554295858051526e-01 2.164372683912685891e-01 3.599798653807153137e+00 6.903620361233242875e+01 8.132702392002724423e+01 
5.328306855186586144e-03 3.000000000000000000e+00 6.081257056840411179e-01 2.477352243687974409e-01 3.412511911852746493e+00 6.392951033660477123e+00 7.995807050164076202e+01 
7.338435249816198033e-03 4.000000000000000000e+00 6.035616486985383444e-01 2.673518475274995754e-01 4.519233431797264444e+00 6.234053773129722309e+00 8.566473777775324550e+01 
1.098378520050788572e-02 3.000000000000000000e+00 6.398056323416593250e-01 2.715527164408557126e-01 3.599798653807153137e+00 3.306105419486193853e+00 8.133225642166932801e+01 
3.376099784600119710e-03 4.000000000000000000e+00 6.056045514493989534e-01 2.442057755589761292e-01 4.550174966766713069e+00 6.232127947651322053e+00 8.133322145970471695e+01 
1.490630730253642879e-02 3.000000000000000000e+00 6.091554295858051526e-01 2.164372683912685891e-01 3.599798653807153137e+00 6.234053773129722309e+00 6.115587037416370464e+01 
3.489549243628654353e-03 4.000000000000000000e+00 6.401262781610456143e-01 2.696751479859588185e-01 4.834355586105509417e+00 6.234221930641583143e+00 6.770868203682054798e+01 
1.983174402086604893e-01 1.100000000000000000e+01 6.091554295858051526e-01 2.436389666160575229e-01 1.159858590675718837e+01 4.410571205254471217e+00 8.132692429080266550e+01 
3.836049257674493517e-03 4.000000000000000000e+00 6.091554295858051526e-01 1.954305138014535981e-01 4.522238234544591506e+00 6.234053773129722309e+00 8.132702392002724423e+01 
1.093114808704364650e-02 3.000000000000000000e+00 6.360223475161669304e-01 2.441923404691354604e-01 3.173876594874712964e+00 7.605764740513045297e+00 8.133322145970471695e+01 
5.191937114331864923e-03 3.000000000000000000e+00 6.091554295858051526e-01 2.216149583398815959e-01 3.599798653807153137e+00 6.948802109218372891e+01 8.132702392002724423e+01 
3.329622294491614218e-03 4.000000000000000000e+00 6.364493678168251511e-01 2.442057755589761292e-01 4.539899319944431966e+00 6.231959790139461219e+00 8.136114383029806163e+01 
1.100687130959140253e-02 4.000000000000000000e+00 6.051775311487407327e-01 2.169906422443465266e-01 4.283707712774321053e+00 9.167919027118424324e+00 8.133332108892930989e+01 
5.041043223840958182e-03 3.000000000000000000e+00 7.306241026250748227e-01 2.611591175727395187e-01 3.461875095956888693e+00 6.234053773129722309e+00 7.988844668740340182e+01 
1.081755510945494117e-02 4.000000000000000000e+00 6.369616873214543062e-01 2.697867137638703117e-01 4.925755625001150051e+00 1.652763552852909434e+00 8.132702392002724423e+01 
8.730903085753469184e-02 3.700000000000000000e+01 9.127555772777217191e-01 6.066357757671798634e-01 3.728633836624792508e+01 5.436249914654228377e+01 9.350724237877682299e+01 
3.392986254976000371e-01 4.300000000000000000e+01 8.158535541215321540e-01 2.738500170148094881e-03 4.329800099961575910e+01 3.358557530546435466e+00 7.296554464299440212e+01 
7.005254272274914762e-02 2.800000000000000000e+01 1.756556206025590150e-01 8.631789223498865793e-01 2.844867735170731038e+01 2.997118905373847753e+01 4.226872211976584737e+01 
1.404792569900106813e-02 3.400000000000000000e+01 2.831967114546296571e-02 1.242832764995639439e-01 3.451934749060062302e+01 6.471895115742501048e+01 6.153851114812538725e+01 
9.905917601821780105e-03 4.900000000000000000e+01 3.836775542618834356e-01 9.972099357892110216e-01 4.909926092248281293e+01 6.855419844806947083e+01 6.504592762678163353e+01 
1.047352416154473560e-02 9.000000000000000000e+00 6.884467305709400797e-01 3.889214239791037864e-01 9.349535736053326218e+00 7.214883401940817009e+01 5.253543224757258656e+01 
1.288848878727852920e-01 4.400000000000000000e+01 3.102418755589556598e-01 4.858353588317890770e-01 4.480592821440301066e+01 9.340435159562497347e+01 3.577951967090702112e+01 
1.684501265887321242e-02 3.000000000000000000e+01 5.715298307297609348e-01 3.218693910759421462e-01 3.093210141938574864e+01 3.379112255071332527e+01 3.916190005281612230e+01 
8.555923994161653001e-02 3.200000000000000000e+01 8.902743520047923242e-01 2.271575935333797203e-01 3.228979580024399354e+01 8.401534358238482270e+00 8.326441476533977948e+01 
1.152717258650123172e-02 3.700000000000000000e+01 9.127555772777217191e-01 8.527459868901642315e-01 3.728633836624792508e+01 2.754305534885825324e+01 9.586769583440822373e+01 
1.099070316845429489e-02 1.100000000000000000e+01 8.235507093948734036e-01 3.889214239791037864e-01 1.110974989685311343e+01 6.447071611112623657e+01 5.253543224757258656e+01 
4.230142054622809678e-01 4.900000000000000000e+01 6.880581968555579131e-01 9.972099357892110216e-01 4.909926092248281293e+01 6.863824611115623497e+01 6.504592762678163353e+01 
1.076777859638183843e-02 4.000000000000000000e+00 6.369616873214543062e-01 2.471474245809140990e-01 4.288748102828794373e+00 1.652763552852909434e+00 8.132702392002724423e+01 
3.426271885567718639e-02 3.200000000000000000e+01 8.902743520047923242e-01 9.023421812022476285e-01 3.228979580024399354e+01 8.401534358238482270e+00 8.326441476533977948e+01 
4.935949144938731742e-02 2.800000000000000000e+01 1.756556206025590150e-01 6.159952860004326292e-01 2.844867735170731038e+01 5.679063289010629489e+01 3.972690591619691958e+01 
1.509423070221393819e-02 3.400000000000000000e+01 2.831967114546296571e-02 1.242832764995639439e-01 3.451934749060062302e+01 7.239706906570695821e+01 6.153851114812538725e+01 
1.066113180668121739e-02 9.000000000000000000e+00 3.840660878987284255e-01 3.889214239791037864e-01 9.349535736053326218e+00 7.866885605959285499e+01 5.253543224757258656e+01 
1.981189489272418836e-01 3.500000000000000000e+01 2.934988277123729006e-02 1.242832764995639439e-01 3.540070055368880020e+01 6.471895115742501048e+01 6.153851114812538725e+01 
5.671071757961973492e-02 3.700000000000000000e+01 1.584103568944777995e-01 1.875828953667337817e-01 3.767372348737033860e+01 2.997118905373847753e+01 4.226872211976584737e+01 
8.676173854357803819e-03 4.000000000000000000e+00 5.715298307297609348e-01 3.218693910759421462e-01 4.036212464759135088e+00 3.441330190210695861e+01 3.916190005281612230e+01 
1.098914225495102592e-02 1.200000000000000000e+01 8.235087286765537806e-01 3.760246438282530690e-01 1.241799326658762403e+01 6.447071611112623657e+01 5.230208371736770800e+01 
1.854686982584444199e-01 9.000000000000000000e+00 6.798509404876018625e-01 3.889214239791037864e-01 9.349535736053326218e+00 7.704099701459114158e+01 5.253543224757258656e+01 
3.489695767035685958e-03 4.000000000000000000e+00 6.401222755201360082e-01 2.697867137638703117e-01 4.925755625001150051e+00 6.234053773129722309e+00 8.132702392002724423e+01 
1.072345367175455040e-02 1.000000000000000000e+01 6.884467305709400797e-01 9.997171329792493566e-01 1.056695872720754181e+01 7.214883401940817009e+01 5.142976882083622314e+01 
4.941318011747682787e-02 3.100000000000000000e+01 6.369616873214543062e-01 2.471474245809140990e-01 3.139606989835664308e+01 1.845302127701716088e+00 8.132702392002724423e+01 
1.631088924011425245e+00 3.500000000000000000e+01 9.127975579537535022e-01 8.656317570682279250e-01 3.597825214915638981e+01 2.754305534885825324e+01 9.604471687793113688e+01 
1.038005901142565433e-02 8.000000000000000000e+00 6.090038067669399924e-01 3.889214239791037864e-01 8.605588894837081781e+00 7.866885605959285499e+01 5.253543224757258656e+01 
1.076777847557225387e-02 3.000000000000000000e+00 6.369616873214543062e-01 2.471474245809140990e-01 3.525368929621349956e+00 1.652763552852909434e+00 8.132702392002724423e+01 
3.835750451604037770e-02 4.700000000000000000e+01 3.836775542618834356e-01 3.076455543003254189e-01 4.756223588426244930e+01 6.739818839847752940e+01 6.615159105351752089e+01 
1.100687130959140253e-02 4.000000000000000000e+00 3.772044720722988465e-01 3.218693910759421462e-01 4.036212464759135088e+00 6.891957205488805016e+01 3.916190005281612230e+01 
5.119701621906961632e-03 3.000000000000000000e+00 6.091554295858051526e-01 2.164372683912685891e-01 3.599798653807153137e+00 6.234053773129722309e+00 8.132702392002724423e+01 
1.076839056239860780e-02 4.000000000000000000e+00 6.369616873214543062e-01 2.473915689975450805e-01 4.288748102828794373e+00 1.652763552852909434e+00 8.132702392002724423e+01 
1.076805707426278791e-02 3.000000000000000000e+00 6.369576846805445891e-01 2.472589903588255922e-01 3.627047025586739970e+00 1.652763552852909434e+00 8.132702392002724423e+01 
2.710442267956681556e-02 3.000000000000000000e+00 5.715298307297609348e-01 3.413397474339099347e-01 3.576295474702037680e+00 7.086940705989039202e+01 3.867682510265001383e+01 
1.006598454532933382e-02 4.900000000000000000e+01 5.756578654820188046e-01 9.991132737120977936e-01 4.909926092248281293e+01 3.404792826198386990e+01 6.504592762678163353e+01 
1.081295681895358754e-02 4.000000000000000000e+00 6.369616873214543062e-01 2.674223505663870237e-01 4.851328420793218577e+00 1.652763552852909434e+00 8.132702392002724423e+01 
1.081708615266845259e-02 4.000000000000000000e+00 6.369616873214543062e-01 2.695425693472393025e-01 4.925755625001150051e+00 1.652763552852909434e+00 8.132702392002724423e+01 
3.489549243628654353e-03 4.000000000000000000e+00 6.401262781610456143e-01 2.696751479859588185e-01 4.824079939283229201e+00 6.234053773129722309e+00 7.988844668740340182e+01 
1.105267066218665502e-02 1.100000000000000000e+01 6.884467305709400797e-01 9.669551639321027903e-01 1.105008925519063823e+01 3.569272861998931035e+01 5.191484377100233871e+01 
5.382404204391603823e-03 3.000000000000000000e+00 6.402343475358270863e-01 2.472589903588255922e-01 3.627047025586739970e+00 6.286676675106178891e+00 8.132702392002724423e+01 
1.100687130954291007e-02 3.000000000000000000e+00 5.715298307297609348e-01 3.413397474339099347e-01 3.576295474702037680e+00 1.642143208701874002e+01 3.781817778194240987e+01 
3.489549243628654353e-03 4.000000000000000000e+00 6.401262781610456143e-01 2.696751479859588185e-01 4.516347015238497242e+00 6.234053773129722309e+00 7.988844668740340182e+01 
3.629016450280551642e-01 4.800000000000000000e+01 3.836775542618834356e-01 9.982839453741522151e-01 4.848919123323142344e+01 6.942057327101521480e+01 4.035075056959190221e+01 
1.081752261739831432e-02 4.000000000000000000e+00 6.368456126648535109e-01 2.697867137638703117e-01 4.925755625001150051e+00 1.600163736862860286e+00 8.132702392002724423e+01 
5.175138488643492990e-03 3.000000000000000000e+00 6.091554295858051526e-01 2.164372683912685891e-01 3.599798653807153137e+00 6.948802109218372891e+01 8.132702392002724423e+01 
1.085052155551225264e-02 5.000000000000000000e+00 6.401262781610456143e-01 2.884452873614961055e-01 5.681139740992882992e+00 1.783870292779178079e+00 8.072842538549423352e+01 
3.801218859621263713e-02 4.000000000000000000e+00 5.715298307297609348e-01 3.061528218612716845e-01 4.602946301091154879e+00 3.771643479903921303e+01 6.504744652213238965e+01 
1.071167460755781224e-02 3.000000000000000000e+00 6.093955394632717404e-01 2.311036022576167248e-01 3.596604592064222672e+00 1.675273401446892407e+00 8.132702392002724423e+01 
5.356986438345981254e-03 3.000000000000000000e+00 6.367215774439876075e-01 2.164372683912685891e-01 3.528562991364280421e+00 6.211555834616961924e+00 8.132702392002724423e+01 
1.260624129452301012e-01 3.000000000000000000e+00 6.091554295858051526e-01 2.180226338434353983e-01 3.599798653807153137e+00 7.087893899801463249e+01 8.132702392002724423e+01 
1.100687130954291007e-02 3.000000000000000000e+00 6.091454637599621469e-01 2.318331194764498282e-01 3.596602556113137616e+00 2.777702025540596420e+00 9.678069683143137070e+01 
8.576147905996041321e-03 3.000000000000000000e+00 6.367215774439876075e-01 2.465114347025864627e-01 3.528562991364280421e+00 1.459912523033358944e+01 8.132702392002724423e+01 
4.005095888645129019e-03 4.000000000000000000e+00 6.081818020983248418e-01 2.440896361463456010e-01 4.526730249696576003e+00 6.234053773129722309e+00 7.988844668740340182e+01 
1.065796881630265598e-02 3.000000000000000000e+00 6.096677490904341967e-01 2.157333291907547190e-01 3.525368929621349956e+00 1.672482915259115188e+00 8.132702392002724423e+01 
1.087359625641275661e-02 5.000000000000000000e+00 6.369616873214543062e-01 2.455620591287472898e-01 5.691996854924136429e+00 1.356209925274583838e+00 8.132702392002724423e+01 
1.100687130954291007e-02 3.000000000000000000e+00 6.094055052891148572e-01 2.157077511724354857e-01 3.119580019170846263e+00 9.804548961407416385e+00 8.132702392002724423e+01 
5.529238539031385187e-03 3.000000000000000000e+00 6.402343475358270863e-01 2.544243546063574835e-01 3.627047025586739970e+00 6.211784162815048305e+00 8.132702392002724423e+01 
9.156578611809217116e-02 3.000000000000000000e+00 6.413400155259924018e-01 2.311036022576167248e-01 3.586221402982695317e+00 7.285010313696611561e-01 8.132702392002724423e+01 
5.403092757044496500e-03 3.000000000000000000e+00 6.364493678168251511e-01 2.478513637814279691e-01 3.599798653807153137e+00 6.214346335457708648e+00 8.132702392002724423e+01 
1.100687130954291007e-02 3.000000000000000000e+00 6.393739529998638815e-01 2.164372683912685891e-01 3.599798653807153137e+00 7.296842235690886014e+01 8.132702392002724423e+01 
5.328925833135165872e-03 3.000000000000000000e+00 6.081818020983248418e-01 2.477352243687974409e-01 3.576354024724678116e+00 6.216272160936109792e+00 7.988224914772591490e+01 
5.027239614627791557e-03 3.000000000000000000e+00 6.091554295858051526e-01 1.978996907202936195e-01 3.599798653807153137e+00 6.234053773129722309e+00 8.132702392002724423e+01 
3.492905468716591289e-03 4.000000000000000000e+00 6.402310811558766801e-01 2.697867137638703117e-01 4.925755625001150051e+00 6.232770174538928565e+00 8.132702392002724423e+01 
5.469266497983091800e-03 3.000000000000000000e+00 6.401218022486463433e-01 2.516192890473881172e-01 3.525363591634607552e+00 6.211555834616961924e+00 8.132702392002724423e+01 
1.073292732786951253e-02 4.000000000000000000e+00 6.099037521060772793e-01 2.697867137638703117e-01 4.925755625001150051e+00 1.124451140917809511e+01 8.132702392002724423e+01 
3.329622294491614218e-03 4.000000000000000000e+00 6.364493678168251511e-01 2.442057755589761292e-01 4.550174966766713069e+00 6.232127947651322053e+00 8.133322145970471695e+01 
6.062826005490001141e-03 3.000000000000000000e+00 6.091554295858051526e-01 2.164372683912685891e-01 3.599798653807153137e+00 6.948802109218372891e+01 8.476728670241907082e+01 
5.380960054488947812e-03 3.000000000000000000e+00 6.401255419000864144e-01 2.472589903588255922e-01 3.627047025586739970e+00 6.287960273696973523e+00 8.183391982893618888e+01 
3.483998274026108965e-03 4.000000000000000000e+00 6.367260533563867675e-01 2.696751479859588185e-01 4.519546581166237864e+00 6.234053773129722309e+00 7.988844668740340182e+01 
5.328730591557600919e-03 3.000000000000000000e+00 6.081679283060067442e-01 2.477352243687974409e-01 3.601457016971403302e+00 6.397475810612530012e+00 7.988224914772591490e+01 
5.937486397619455403e+00 5.000000000000000000e+00 6.364493678168251511e-01 2.439658636253500823e-01 5.120767120846453579e+00 6.232174782539175339e+00 8.133322145970471695e+01 
4.244574568647110802e+00 4.000000000000000000e+00 6.401262781610456143e-01 2.696751479859588185e-01 4.516347015238497242e+00 1.271751233117914737e+01 7.988844668740340182e+01 
1.053270716563957723e-02 4.000000000000000000e+00 6.401262781610456143e-01 2.700772219345802805e-01 4.824079939283229201e+00 5.298365700265916800e+00 7.988844668740340182e+01 
3.356296068374081502e-03 4.000000000000000000e+00 6.051775311487407327e-01 2.441923404691354604e-01 4.550174966766713069e+00 6.232526226712133521e+00 8.133322145970471695e+01 
1.107744414869810991e-02 3.000000000000000000e+00 6.091693033781232502e-01 2.164372683912685891e-01 3.574695661560428395e+00 6.718979438241511559e+01 8.132702392002724423e+01 
1.024302731719672899e-02 4.000000000000000000e+00 6.462814210306490059e-01 3.115664007208210906e-01 4.824079939283229201e+00 5.800049242277886208e+00 6.863604673577033566e+01 
5.446105153316828547e-03 3.000000000000000000e+00 6.401262781610456143e-01 2.243037309632385234e-01 3.359330010999782790e+00 6.234053773129722309e+00 7.988844668740340182e+01 
5.119701621906961632e-03 3.000000000000000000e+00 6.091554295858051526e-01 2.164372683912685891e-01 3.416464737284519160e+00 6.234053773129722309e+00 8.132702392002724423e+01 
3.491807090872258486e-03 4.000000000000000000e+00 6.081818020983248418e-01 2.694179819962715383e-01 4.022282164190166931e+00 6.215873881875298324e+00 7.988224914772591490e+01 
9.431351308391624014e-03 3.000000000000000000e+00 5.902566768057702085e-01 1.978996907202936195e-01 3.634893431997390678e+00 7.488766816816959881e+00 9.026949923077933136e+01 
5.119701621906961632e-03 3.000000000000000000e+00 6.091554295858051526e-01 2.164372683912685891e-01 3.599798653807153137e+00 6.741351432156580614e+00 8.132702392002724423e+01 
5.207039374997932124e-03 3.000000000000000000e+00 6.091976522077707790e-01 1.233280350498333067e-01 3.605409842403188403e+00 6.238578550081776086e+00 8.169591179022721406e+01 
3.471400059549397676e-01 3.000000000000000000e+00 6.091554295858051526e-01 2.002229911787529737e-01 3.600111825909659391e+00 3.738707830939758558e+00 8.372417718045298329e+01 
1.254621166006816557e-01 6.000000000000000000e+00 6.094760754051914420e-01 2.145596999363717228e-01 6.722479955675398244e+00 6.936274615833653456e+01 7.988321418576130384e+01 
5.584827120633653781e-03 4.000000000000000000e+00 6.051490215054237121e-01 2.441923404691354604e-01 4.515080217804177565e+00 6.233953669652949614e+00 8.133343827526326208e+01 
5.175138488643492990e-03 3.000000000000000000e+00 6.091554295858051526e-01 2.164372683912685891e-01 3.599798653807153137e+00 6.903620361233242875e+01 8.132702392002724423e+01 
5.328306855186586144e-03 3.000000000000000000e+00 6.081257056840411179e-01 2.477352243687974409e-01 3.412511911852746493e+00 6.392951033660477123e+00 7.995807050164076202e+01 
7.338435249816198033e-03 4.000000000000000000e+00 6.035616486985383444e-01 2.673518475274995754e-01 4.519233431797264444e+00 6.234053773129722309e+00 8.566473777775324550e+01 
1.098378520050788572e-02 3.000000000000000000e+00 6.398056323416593250e-01 2.715527164408557126e-01 3.599798653807153137e+00 3.306105419486193853e+00 8.133225642166932801e+01 
3.376099784600119710e-03 4.000000000000000000e+00 6.056045514493989534e-01 2.442057755589761292e-01 4.550174966766713069e+00 6.232127947651322053e+00 8.133322145970471695e+01 
1.490630730253642879e-02 3.000000000000000000e+00 6.091554295858051526e-01 2.164372683912685891e-01 3.599798653807153137e+00 6.234053773129722309e+00 6.115587037416370464e+01 
3.489549243628654353e-03 4.000000000000000000e+00 6.401262781610456143e-01 2.696751479859588185e-01 4.834355586105509417e+00 6.234221930641583143e+00 6.770868203682054798e+01 
1.983174402086604893e-01 1.100000000000000000e+01 6.091554295858051526e-01 2.436389666160575229e-01 1.159858590675718837e+01 4.410571205254471217e+00 8.132692429080266550e+01 
3.836049257674493517e-03 4.000000000000000000e+00 6.091554295858051526e-01 1.954305138014535981e-01 4.522238234544591506e+00 6.234053773129722309e+00 8.132702392002724423e+01 
1.093114808704364650e-02 3.000000000000000000e+00 6.360223475161669304e-01 2.441923404691354604e-01 3.173876594874712964e+00 7.605764740513045297e+00 8.133322145970471695e+01 
5.191937114331864923e-03 3.000000000000000000e+00 6.091554295858051526e-01 2.216149583398815959e-01 3.599798653807153137e+00 6.948802109218372891e+01 8.132702392002724423e+01 
3.329622294491614218e-03 4.000000000000000000e+00 6.364493678168251511e-01 2.442057755589761292e-01 4.539899319944431966e+00 6.231959790139461219e+00 8.136114383029806163e+01 
1.100687130959140253e-02 4.000000000000000000e+00 6.051775311487407327e-01 2.169906422443465266e-01 4.283707712774321053e+00 9.167919027118424324e+00 8.133332108892930989e+01 
5.041043223840958182e-03 3.000000000000000000e+00 7.306241026250748227e-01 2.611591175727395187e-01 3.461875095956888693e+00 6.234053773129722309e+00 7.988844668740340182e+01 
1.081755510945494117e-02 4.000000000000000000e+00 6.369616873214543062e-01 2.697867137638703117e-01 4.925755625001150051e+00 1.652763552852909434e+00 8.132702392002724423e+01 
8.730903085753469184e-02 3.700000000000000000e+01 9.127555772777217191e-01 6.066357757671798634e-01 3.728633836624792508e+01 5.436249914654228377e+01 9.350724237877682299e+01 
3.392986254976000371e-01 4.300000000000000000e+01 8.158535541215321540e-01 2.738500170148094881e-03 4.329800099961575910e+01 3.358557530546435466e+00 7.296554464299440212e+01 
7.005254272274914762e-02 2.800000000000000000e+01 1.756556206025590150e-01 8.631789223498865793e-01 2.844867735170731038e+01 2.997118905373847753e+01 4.226872211976584737e+01 
1.404792569900106813e-02 3.400000000000000000e+01 2.831967114546296571e-02 1.242832764995639439e-01 3.451934749060062302e+01 6.471895115742501048e+01 6.153851114812538725e+01 
9.905917601821780105e-03 4.900000000000000000e+01 3.836775542618834356e-01 9.972099357892110216e-01 4.909926092248281293e+01 6.855419844806947083e+01 6.504592762678163353e+01 
1.047352416154473560e-02 9.000000000000000000e+00 6.884467305709400797e-01 3.889214239791037864e-01 9.349535736053326218e+00 7.214883401940817009e+01 5.253543224757258656e+01 
1.288848878727852920e-01 4.400000000000000000e+01 3.102418755589556598e-01 4.858353588317890770e-01 4.480592821440301066e+01 9.340435159562497347e+01 3.577951967090702112e+01 
1.684501265887321242e-02 3.000000000000000000e+01 5.715298307297609348e-01 3.218693910759421462e-01 3.093210141938574864e+01 3.379112255071332527e+01 3.916190005281612230e+01 
8.555923994161653001e-02 3.200000000000000000e+01 8.902743520047923242e-01 2.271575935333797203e-01 3.228979580024399354e+01 8.401534358238482270e+00 8.326441476533977948e+01 
6.064258720661395291e-02 4.400000000000000000e+01 7.870983074886833686e-01 2.393694429929521528e-01 4.419475884810307775e+01 5.856803480519435112e+00 3.361170605456603511e+01 
2.776809103727926331e-01 4.000000000000000000e+01 1.502794668948390644e-01 4.503393666492869762e-01 4.042724070350283228e+01 2.306422089937474240e+01 5.202130106440961299e+00 
6.662334307175234692e-03 7.000000000000000000e+00 4.045518398215282030e-01 1.985130445092553320e-01 7.265393144098728939e+00 5.803323859868506673e+01 2.986961328189225995e+01 
2.255071729830026295e-01 4.700000000000000000e+01 6.719948779563593710e-01 1.995154439682133019e-01 4.727931619380539985e+01 3.651101682448285857e+01 1.054952795702295276e+01 
1.103549681782455549e-01 2.300000000000000000e+01 6.291081515397092261e-01 9.271545530678674263e-01 2.369772627164184797e+01 9.545904936907372473e+01 4.998958136876470348e+01 
2.981584986467362974e-02 4.900000000000000000e+01 4.252286248490755316e-01 6.202134520153778086e-01 4.976953574606023523e+01 9.489436749377652802e+01 4.600451393090961005e+01 
3.621120405414490762e+00 2.700000000000000000e+01 7.577288453082914321e-01 4.974226954876189710e-01 2.787767152924821090e+01 7.857857007138075289e+01 4.146558493556707958e+01 
6.847778033003644460e-02 4.600000000000000000e+01 7.344835717887293614e-01 7.111428779897498442e-01 4.680680527082877518e+01 1.149326332809051898e+01 7.290151170763094512e+01 
1.100687130954291007e-02 3.000000000000000000e+00 9.274239286245599123e-01 9.679261899246464074e-01 3.691196333372356531e+00 8.636400902455757489e+01 9.811950400663442906e+01 
6.891625989143575215e-02 4.800000000000000000e+01 9.572101796109635519e-01 1.487640122324979108e-01 4.871355424967888581e+01 8.899355557205205969e+01 8.223738275430704903e+01 
2.984199525320039431e-02 4.000000000000000000e+01 4.799879238078321730e-01 2.323729196393038432e-01 4.068838719976047003e+01 9.235301597834694576e+01 2.661302722922925668e+01 
8.619070566651912402e-03 4.600000000000000000e+01 5.389344076221869173e-01 4.427528289745314982e-01 4.675781385111428534e+01 4.051071118843463381e+00 7.320061956565608341e+01 
1.296811932723517247e-01 3.600000000000000000e+01 6.143732469489966430e-01 2.836536511352105716e-02 3.680332932285679703e+01 1.599172952357197364e+00 7.579510023564280630e+01 
1.100687130956412921e-02 6.000000000000000000e+00 5.127587232620780533e-01 9.291042207970061639e-01 6.105877346031512332e+00 8.413172796123832597e+01 6.669000876710140524e+00 
1.203441666880191024e-01 4.800000000000000000e+01 3.443099788041251719e-01 4.302987319478333017e-01 4.840491779685130069e+01 5.622318422284570261e+01 2.588645931709322312e+01 
8.271553662127100193e-01 1.300000000000000000e+01 2.416757140943449622e-01 8.881183206591798385e-01 1.361586313561424610e+01 1.245547058352834924e+01 2.883307570075776027e+01 
8.849492249903430994e+35 4.100000000000000000e+01 5.861230648127327969e-01 5.540905021732678293e-01 4.105640646790055115e+01 5.604759520061858069e+01 2.884212144312104797e+01 
9.920593233018002582e-03 3.200000000000000000e+01 4.128963426808927029e-01 8.181209709709104105e-01 3.244580373372841109e+01 9.590776426974422009e+01 3.694044110916808421e+01 
2.004579871080391582e-02 4.200000000000000000e+01 5.526115105212872081e-01 5.939242016131682789e-01 4.286968678892782236e+01 1.454735381865317478e+01 4.065103367481266616e+01 
7.495554831469881940e-02 4.100000000000000000e+01 9.099589616622969501e-01 4.306688856820417577e-02 4.166719516853058991e+01 4.153840373712246503e+01 8.298039852781028003e+01 
1.096233747694413778e-02 6.000000000000000000e+00 9.954560807291956692e-03 3.650461577582706507e-01 6.695611746785074203e+00 6.526145763366383790e+01 2.738490985995571947e+01 
1.020298888559525649e-02 8.000000000000000000e+00 7.026520706597862986e-01 9.438014269420907931e-01 8.960403806278645078e+00 8.647782954007740841e+01 5.946415160033846625e+00 
1.770577860572274120e-01 2.500000000000000000e+01 3.807705083108894328e-01 4.297740611785766385e-01 2.597592870117281905e+01 9.764623219360444750e+01 7.756911881018282884e+01 
5.057394051577834837e+00 4.300000000000000000e+01 3.088573627192610083e-01 2.698367855008001470e-01 4.356664959689793903e+01 8.813071727376899389e+01 5.107065055436452639e+01 
4.060982524883287315e-02 1.700000000000000000e+01 3.442957309623252415e-01 9.949173481609178138e-01 1.784934663228190743e+01 1.827123789265624509e+01 8.800981213040697071e+01 
6.985290382625626571e-02 4.800000000000000000e+01 8.123353981112539923e-01 6.678894055713512357e-01 4.804544069356374081e+01 9.257145772144187390e+01 7.482485033017540843e+01 
1.316995461093529822e-02 9.000000000000000000e+00 8.607014095476777094e-01 2.471467403221074832e-01 9.638588174348484472e+00 6.700618493149359267e+01 7.146185366547527451e+01 
3.117231641690426658e-02 4.500000000000000000e+01 1.670529287822721809e-01 3.955572731048759838e-01 4.578202101215457276e+01 5.614007675502229233e+01 5.783359149262727072e+01 
4.026947930840946849e-02 2.700000000000000000e+01 1.941297728907935838e-01 5.260222486178751655e-01 2.760143218756123673e+01 8.893564024627199416e+00 9.819426931267062741e+01 
4.476142644744911941e-02 3.900000000000000000e+01 5.713956004557744217e-01 6.408882664310167065e-03 3.931451245759326696e+01 9.782657138401457075e+01 5.898700283209505102e+01 
4.199640425450275327e-02 4.600000000000000000e+01 6.083058841813904216e-01 4.427528289745314982e-01 4.675781385111428534e+01 4.051071118843463381e+00 5.769739756036491229e+01 
7.052891706789191084e-02 4.100000000000000000e+01 4.799879238078321730e-01 2.593122595726490287e-01 4.174419429677637794e+01 9.203213731538991738e+01 2.117146251507682564e+01 
6.114913245434792921e-02 6.000000000000000000e+00 9.954560807291956692e-03 3.709473762847121936e-01 6.695611746785074203e+00 6.430527562944749320e+01 2.738490985995571947e+01 
7.920408365510332727e-02 4.200000000000000000e+01 5.513333970451226307e-01 9.310760393608089602e-01 4.286968678892782236e+01 1.454735381865317478e+01 3.881379011207407359e+00 
1.071093869505993466e-02 4.000000000000000000e+00 6.369616873214543062e-01 5.556841998743483613e-03 4.923161668294929960e+00 9.552220705939936352e+01 8.144032536694321323e+01 
3.733493264629684227e-01 2.500000000000000000e+01 6.143732469489966430e-01 3.281178382623262113e-03 2.558297507783992231e+01 1.599172952357197364e+00 7.574886145730823728e+01 
1.873682120040898180e-02 3.200000000000000000e+01 8.607014095476777094e-01 8.461604590420155336e-01 3.266537481739275961e+01 6.700618493149359267e+01 8.034649265486868330e+01 
9.953229282350333287e-03 8.000000000000000000e+00 6.598764175743561111e-01 9.440540547395894766e-01 8.960403806278645078e+00 8.695728022310466088e+01 5.946415160033846625e+00 
5.987512706662025813e-02 1.700000000000000000e+01 3.442957309623252415e-01 9.949173481609178138e-01 1.784934663228190743e+01 1.813082608338812207e+01 8.953140629977676213e+01 
1.140327068256697662e-01 3.000000000000000000e+01 5.817876953245914029e-01 2.025329665382457900e-01 3.093210141938574864e+01 3.379112255071332527e+01 3.921085471374060205e+01 
1.584947574928148306e-01 4.600000000000000000e+01 5.389344076221869173e-01 4.427528289745314982e-01 4.678874753765873606e+01 3.509978666605984898e+00 7.320061956565608341e+01 
7.288468058325747734e-01 4.700000000000000000e+01 8.158535541215321540e-01 6.002908289172936840e-03 4.783089397156015821e+01 3.358557530546435466e+00 7.296554464299440212e+01 
1.604669989183710871e-02 4.200000000000000000e+01 5.764858238426868731e-01 3.629420937034229522e-01 4.229433595905329923e+01 6.442607000511813453e+01 3.238948404984139984e+01 
7.162567747289486086e-02 2.300000000000000000e+01 3.466250598434235108e-01 9.949173481609178138e-01 2.300110336318486048e+01 1.827123789265624509e+01 9.044075462829466971e+01 
1.299756658521648151e-02 3.400000000000000000e+01 4.244375501614122692e-02 1.242832764995639439e-01 3.451934749060062302e+01 6.471895115742501048e+01 6.132426429874519869e+01 
6.912880864066381532e-03 8.000000000000000000e+00 6.279520573014268914e-01 9.271545530678674263e-01 8.728139200742335291e+00 9.520305278974929308e+01 5.432704065481973998e+01 
5.605052811677868271e-03 8.000000000000000000e+00 6.369616873214543062e-01 2.697867137638703117e-01 8.659915836539362033e+00 1.652763552852909434e+00 8.132702392002724423e+01 
8.455346043177261461e-02 4.900000000000000000e+01 3.443099788041251719e-01 4.302987319478333017e-01 4.974895861734458435e+01 6.054408490316164659e+01 2.588645931709322312e+01 
2.981584986467362974e-02 4.900000000000000000e+01 4.252286248490755316e-01 6.202134520153778086e-01 4.976953574606023523e+01 9.488708801542416893e+01 4.600451393090961005e+01 
1.592509808974566787e-02 2.600000000000000000e+01 1.951619699091947657e-01 2.527864278571027024e-01 2.697129562569044481e+01 7.908817488574502619e+00 9.819426931267062741e+01 
1.685955596449203142e+01 3.200000000000000000e+01 8.729295583919793877e-01 2.271575935333797203e-01 3.228979580024399354e+01 8.401534358238482270e+00 8.326441476533977948e+01 
5.859673576591047095e-02 4.800000000000000000e+01 3.836775542618834356e-01 9.972099357892110216e-01 4.803899562610962448e+01 6.887494832026811764e+01 7.048756245837927281e+01 
5.817902918469012447e-03 4.700000000000000000e+01 8.123353981112539923e-01 6.619881870195620799e-01 4.746498096784998921e+01 9.352549519145844670e+01 7.482485033017540843e+01 
8.972278796817424740e-03 6.000000000000000000e+00 5.140368367382426307e-01 5.919258484261380460e-01 6.105877346031512332e+00 7.922504749970967453e+01 4.350806259532871678e+01 
3.649235112947382476e+01 4.000000000000000000e+01 5.713956004557744217e-01 2.745408885415558942e-01 4.093791604107824611e+01 1.439101976902463775e-01 5.887370131452162525e+01 
5.873507460394771645e-02 3.700000000000000000e+01 3.807705083108894328e-01 4.773139047349893582e-01 3.719628294374184208e+01 9.764623219360444750e+01 7.761535758851738365e+01 
5.772920098033641929e-03 6.000000000000000000e+00 4.128963426808927029e-01 2.190815638425309686e-01 6.795143645756095196e+00 9.600231240544975719e+01 3.694044110916808421e+01 
1.100687130954291007e-02 3.000000000000000000e+00 9.274239286245599123e-01 9.676735621267902321e-01 3.691196333372356531e+00 8.647803702691868466e+01 9.811950400663442906e+01 
1.894389387194790261e-02 1.300000000000000000e+01 2.305526625858707046e-01 8.881183206591798385e-01 1.361586313561424610e+01 1.259588239279670674e+01 2.729689912957255515e+01 
8.146089024916789573e-03 9.000000000000000000e+00 4.045518398215282030e-01 3.178494690471307949e-01 9.167542975283284434e+00 5.803323859868506673e+01 2.982065862096778375e+01 
6.662334307175234692e-03 7.000000000000000000e+00 4.045518398215282030e-01 1.985130445092553320e-01 7.204135640502659754e+00 5.840832663740488329e+01 2.986961328189225995e+01 
3.536155465204959131e-02 4.300000000000000000e+01 8.123353981112539923e-01 7.125858601759891275e-01 4.381392413973836142e+01 9.257145772144187390e+01 7.482485033017540843e+01 
7.122748056136365968e-02 6.000000000000000000e+00 1.195199460453877371e-02 1.508642682696145487e-01 6.460065288663539462e+00 9.818546379626292264e+01 5.815605824866818807e+01 
1.750698413398106210e-02 9.000000000000000000e+00 6.771751447393816736e-01 3.889214239791037864e-01 9.349535736053326218e+00 8.815035323233779252e+01 5.187130582325445971e+01 
3.147871175811273847e+00 2.300000000000000000e+01 6.569903254276788784e-01 9.438014269420907931e-01 2.393003220708689227e+01 8.673382427291623742e+01 2.130286086200595008e+00 
1.192987698974565247e-01 4.900000000000000000e+01 3.836775542618834356e-01 9.972099357892110216e-01 4.909926092248281293e+01 6.855419844806947083e+01 6.892273227454010964e+01 
1.100687130956412921e-02 6.000000000000000000e+00 4.841363590037609521e-01 9.291042207970061639e-01 6.105877346031512332e+00 8.413172796123832597e+01 6.669000876710140524e+00 
1.100687130954291007e-02 3.000000000000000000e+00 9.326650617420340073e-01 9.679261899246464074e-01 3.691196333372356531e+00 8.637128805146267041e+01 9.811950400663442906e+01 
6.280299981796910735e-02 1.000000000000000000e+01 8.596370127820094353e-01 5.203825614258104082e-01 1.026876199531901968e+01 6.802297090059397533e+01 7.146185366547527451e+01 
7.544384892233286719e-03 4.700000000000000000e+01 9.274239286245599123e-01 1.564209649189041706e-01 4.784092477644158237e+01 8.636400902455757489e+01 8.234057670565675835e+01 
1.096313435752481122e-02 6.000000000000000000e+00 9.954560807291956692e-03 3.709473762847121936e-01 6.695611746785074203e+00 6.567836538136567981e+01 2.738490985995571947e+01 
6.090066345066542236e-02 4.600000000000000000e+01 9.121956568732829673e-01 4.427528289745314982e-01 4.675781385111428534e+01 3.395440295344176462e+00 7.625799296688650486e+01 
6.196290177344136729e-02 4.100000000000000000e+01 5.526115105212872081e-01 6.889489497944466523e-01 4.109480054797764836e+01 1.454735381865317478e+01 3.955097371812202312e+01 
1.076059603285023369e-02 4.000000000000000000e+00 6.369616873214543062e-01 2.697867137638703117e-01 4.925755625001150051e+00 1.652763552852909434e+00 8.012397580690765153e+01 
1.100687130959140253e-02 4.000000000000000000e+00 4.841363590037609521e-01 9.677002955931147676e-01 4.959267163597085748e+00 8.413172796123832597e+01 6.669000876710140524e+00 
7.479597870603636213e-03 3.200000000000000000e+01 8.607014095476777094e-01 2.191950091588308891e-01 3.266537481739275961e+01 6.700618493149359267e+01 8.034649265486868330e+01 
1.093278790178183087e-02 6.000000000000000000e+00 6.231886421233300277e-01 3.650461577582706507e-01 6.695611746785074203e+00 6.526145763366383790e+01 8.315821372660714417e+01 
1.048737996639213105e-02 7.000000000000000000e+00 4.045518398215282030e-01 1.985130445092553320e-01 7.265393144098728939e+00 6.468917705689854358e+01 2.867209143637561297e+01 
1.037623383120824666e-02 9.000000000000000000e+00 6.394178748187633321e-01 9.165392660861944041e-01 9.394290276049625632e+00 7.214883401940817009e+01 5.134331374628827405e+01 
1.098861392476825974e-02 4.000000000000000000e+00 6.369616873214543062e-01 2.697867137638703117e-01 4.925755625001150051e+00 3.712282019723034399e+00 8.132702392002724423e+01 
1.100687130956715457e-02 5.000000000000000000e+00 9.274239286245599123e-01 8.908691053472022059e-01 5.175486851921284881e+00 8.637160879408371272e+01 9.793777689278968523e+01 
3.336168822961983749e-02 3.300000000000000000e+01 8.607014095476777094e-01 8.470403700124519153e-01 3.385300704976486230e+01 8.630990036069727012e+01 9.737477116587012915e+01 
1.100687130956412921e-02 6.000000000000000000e+00 5.167051716079478219e-01 9.493441587606121779e-01 6.105877346031512332e+00 8.459666163336424916e+01 3.824281752509365617e+01 
1.279547098802148175e-01 4.800000000000000000e+01 4.045518398215282030e-01 1.788924939949213810e-01 4.806656609749234121e+01 5.840832663740488329e+01 2.986961328189225995e+01 
1.096852506311011069e-02 7.000000000000000000e+00 9.954560807291956692e-03 3.650461577582706507e-01 7.501277949418565072e+00 6.526145763366383790e+01 2.855903039599476045e+01 
9.095087661426951575e-01 3.600000000000000000e+01 5.496958922632730893e-01 5.915785827704469479e-01 3.694385187697328377e+01 1.505596506473444407e+01 4.065103367481266616e+01 
1.047352416154473560e-02 9.000000000000000000e+00 6.884467305709400797e-01 3.889214239791037864e-01 9.349535736053326218e+00 7.214883401940817009e+01 5.209210294995452983e+01 
5.334641971684545014e-02 6.000000000000000000e+00 5.005636297521875999e-03 3.705949635355160754e-01 6.695611746785074203e+00 6.430527562944749320e+01 2.741520202877578782e+01 
2.081684856234065906e-02 4.700000000000000000e+01 5.175288253113841108e-01 1.564209649189041706e-01 4.759527720931968275e+01 8.636400902455757489e+01 8.222622979046019509e+01 
1.316995461093529822e-02 9.000000000000000000e+00 8.607014095476777094e-01 2.471467403221074832e-01 9.638588174348484472e+00 6.700618493149359267e+01 7.169374099889132879e+01 
1.100687130956715457e-02 5.000000000000000000e+00 9.326650617420340073e-01 9.025741393361420561e-01 5.697418599884540136e+00 8.637128805146267041e+01 9.908564776328870494e+01 
1.057660273487271395e-02 6.000000000000000000e+00 5.127587232620780533e-01 9.475574195169566005e-01 6.105877346031512332e+00 8.269643440987076133e+01 7.953118981909021556e+00 
1.100687130954291007e-02 3.000000000000000000e+00 9.274239286245599123e-01 9.290774872396458939e-01 3.691196333372356531e+00 8.647803702691868466e+01 9.811950400663442906e+01 
9.167350287440015691e-03 6.000000000000000000e+00 4.128963426808927029e-01 8.460325642729339402e-01 6.795143645756095196e+00 9.600231240544975719e+01 3.694044110916808421e+01 
4.011677706612215739e-03 8.000000000000000000e+00 3.041979584070780840e-02 2.697867137638703117e-01 8.643769383339224177e+00 1.652763552852909434e+00 2.979963007308239398e+01 
2.874499529726953773e-02 3.400000000000000000e+01 4.244375501614122692e-02 9.667960692399413247e-02 3.451934749060062302e+01 5.806301269921154073e+01 5.664716468661117688e+01 
4.552718762910604351e-03 8.000000000000000000e+00 6.279520573014268914e-01 3.993608334749657596e-01 8.683384660746034100e+00 9.520305278974929308e+01 5.432704065481973998e+01 
1.077302122436159859e+00 8.000000000000000000e+00 7.026520706597862986e-01 9.438014269420907931e-01 8.960403806278645078e+00 8.647782954007740841e+01 1.834925565319902674e+01 
8.568594208207901131e-03 4.600000000000000000e+01 9.326650617420340073e-01 2.302269591129600390e-01 4.667449568175381103e+01 8.636368828193651837e+01 8.860611991774182172e+01 
1.187359761339194103e-02 3.000000000000000000e+00 9.274239286245599123e-01 9.670441282959103546e-01 3.352120234506656971e+00 6.706029336129300589e+01 8.107928147772882710e+01 
1.809059907261146780e-02 6.000000000000000000e+00 4.089498943350229343e-01 1.961853250060311415e-01 6.795143645756095196e+00 9.553733357960229000e+01 5.376266342084836225e+00 
4.367944270760527187e-03 6.000000000000000000e+00 8.123353981112539923e-01 7.030400335111176569e-01 6.434358363340791698e+00 9.352549519145844670e+01 7.482485033017540843e+01 
7.229710137130854752e-01 4.500000000000000000e+01 5.389344076221869173e-01 4.427528289745314982e-01 4.593708873235100043e+01 4.051071118843463381e+00 7.202649854913873639e+01 
3.397713007877019992e-02 1.500000000000000000e+01 6.308676755594408991e-01 9.294762784451373605e-01 1.558326782418300738e+01 8.340147484451711080e+01 5.432704065481973998e+01 
1.100687130956412921e-02 6.000000000000000000e+00 4.841363590037609521e-01 9.291042207970061639e-01 6.105877346031512332e+00 8.413172796123832597e+01 7.124209948099363032e+00 
6.110094093597025905e-03 7.000000000000000000e+00 4.948231539483020081e-01 1.671248916494829928e-01 7.265393144098728939e+00 5.803323859868506673e+01 4.847857798518828787e+01 
1.084655526578903566e-02 7.000000000000000000e+00 5.764858238426868731e-01 3.713888914926522511e-01 7.191105031768906031e+00 6.587765320528694701e+01 3.222286375751405529e+01 
4.893020786374001167e-03 8.000000000000000000e+00 6.279520573014268914e-01 9.490799385884427508e-01 8.728139200742335291e+00 9.331931392546127313e+01 5.350942270949157376e+01 
8.478167125814985161e-03 4.100000000000000000e+01 5.140368367382426307e-01 5.919258484261380460e-01 4.125034045804041227e+01 7.777346429944564932e+01 4.367468288765607554e+01 
1.130313067448126055e-02 7.000000000000000000e+00 4.045518398215282030e-01 7.856042448542643886e-02 7.265393144098728939e+00 5.990364090744898817e+01 3.068723122813112525e+01 
1.095268629060664606e-02 3.000000000000000000e+00 5.241591667578736624e-01 9.471247532436507521e-01 3.691196333372356531e+00 9.722721734536825977e+01 9.776314298444589213e+01 
4.214596141674156055e-02 1.200000000000000000e+01 6.279520573014268914e-01 3.218752536630275496e-01 1.255798461793546750e+01 9.456100740689117856e+01 5.159566306913298206e+01 
8.566468323550891634e-03 7.000000000000000000e+00 4.045518398215282030e-01 1.985130445092553320e-01 7.265393144098728939e+00 5.803323859868506673e+01 2.140992794055970450e+01 
6.845536857557643108e-03 6.000000000000000000e+00 6.216561597883868417e-01 3.761804758970870299e-01 6.693417881298347361e+00 6.838788033541210609e+01 9.003451753760577958e+01 
4.249365847704047322e-03 7.000000000000000000e+00 3.463145216172947016e-02 2.697867137638703117e-01 7.938931467595997660e+00 1.652763552852909434e+00 8.827740110782916361e+01 
1.078667722855417010e-02 6.000000000000000000e+00 6.369616873214543062e-01 3.412516474552104162e-01 6.781105876519616160e+00 1.499463568494249444e+00 3.010223454876806315e+01 
5.714909091032046445e-02 3.000000000000000000e+00 9.326650617420340073e-01 2.302269591129600390e-01 3.810339754897557718e+00 7.727062904456390413e+01 8.860611991774182172e+01 
3.426589864690644024e-03 5.000000000000000000e+00 3.736897867241388838e-01 8.729779355011321185e-01 5.236960239800959371e+00 9.623159342386244930e+01 3.535276808111949265e+01 
3.728448547554836633e-03 9.000000000000000000e+00 5.885368798976824412e-01 9.490799385884427508e-01 9.402461275177428135e+00 9.596511629052555747e+01 5.350942270949157376e+01 
7.007462504024949967e-02 4.400000000000000000e+01 5.140368367382426307e-01 5.919258484261380460e-01 4.448298656998977663e+01 8.217203213922408622e+01 4.367468288765607554e+01 
7.505619208214825422e-03 3.000000000000000000e+00 6.369616873214543062e-01 3.788161836319406395e-01 3.697889660050657223e+00 9.517272146554647350e+01 5.517268554447140616e+01 
2.106085179072425984e+00 4.500000000000000000e+01 8.123353981112539923e-01 6.619881870195620799e-01 4.567942343255701587e+01 9.326773804951518798e+01 8.279479461290286224e+01 
1.082763038218979845e-02 7.000000000000000000e+00 3.950091785865046390e-01 2.705823923266477693e-01 7.265393144098728939e+00 5.733991261858182042e+01 2.986961328189225995e+01 
1.897266863802274037e-02 4.400000000000000000e+01 9.274239286245599123e-01 2.371259111060575742e-01 4.400457553606358374e+01 8.255718518806308737e+01 8.112723894651236378e+01 
1.346618452434958646e-01 8.000000000000000000e+00 8.123353981112539923e-01 7.030400335111176569e-01 8.657527280277992787e+00 9.942313425133407634e+01 3.183630521915482703e+01 
1.975058982152298401e-02 8.000000000000000000e+00 6.240886578192630374e-01 7.674701301062785141e-01 8.700989499310471942e+00 9.331931392546127313e+01 3.712990852182096546e+01 
6.279495035921329668e-03 8.000000000000000000e+00 6.685905781057718267e-01 2.697867137638703117e-01 8.843570708336816466e+00 1.652763552852909434e+00 8.132702392002724423e+01 
7.141595884270004156e-03 9.000000000000000000e+00 4.045518398215282030e-01 1.985130445092553320e-01 9.283125327982677533e+00 5.803135066909550233e+01 2.986961328189225995e+01 
1.409822800296568583e-02 3.400000000000000000e+01 9.244185181582288413e-01 2.455121026622671399e-01 3.425418255555669589e+01 6.705920500016507901e+01 8.034649265486868330e+01 
5.885269245683819907e-03 5.000000000000000000e+00 9.172517046412926867e-01 5.919258484261380460e-01 5.015523627963996312e+00 8.239990108335079810e+01 4.354410193748222468e+01 
1.178507286777437726e-02 3.000000000000000000e+00 9.274239286245599123e-01 9.470364555785661942e-01 3.352120234506656971e+00 6.769848737368229763e+01 8.107928147772882710e+01 
6.095891184305684413e-03 7.000000000000000000e+00 4.948231539483020081e-01 1.683689318061883100e-01 7.265393144098728939e+00 5.803323859868506673e+01 4.847857798518828787e+01 
1.099165720102917958e-02 6.000000000000000000e+00 8.138678803258279082e-01 5.990257730318778728e-01 6.436552228827518540e+00 9.039824854317078007e+01 6.733689826234795817e+01 
4.716843529121709198e-03 4.000000000000000000e+00 6.349008547905434785e-01 2.426424919540932645e-01 4.996104023631960267e+00 3.712282019723034399e+00 2.108406572557392877e+01 
1.061300670855572052e-02 4.000000000000000000e+00 9.954560807291956692e-03 2.692442133467414234e-01 4.840261497456874729e+00 7.215161934310741287e+01 7.860954201921806828e+01 
2.133402624572393047e-01 4.600000000000000000e+01 9.274239286245599123e-01 9.214331097863933673e-01 4.658052581390650460e+01 8.647803702691868466e+01 9.811950400663442906e+01 
1.100654865475967151e-02 6.000000000000000000e+00 9.641237698021276614e-01 8.177134135747483601e-01 6.733670257896530842e+00 8.614229584392825245e+01 9.857830030957128997e+01 
1.142854728961908463e-02 8.000000000000000000e+00 6.277206535777355434e-01 9.165392660861944041e-01 8.881635690882450973e+00 7.131734665028325537e+01 5.134331374628827405e+01 
9.468904600152056733e-03 8.000000000000000000e+00 6.279520573014268914e-01 3.030663472084901833e-02 8.683384660746034100e+00 9.124191388732214136e+01 8.059468007378602294e+01 
1.097202301307644012e-02 6.000000000000000000e+00 9.954560807291956692e-03 3.709473762847121936e-01 6.695611746785074203e+00 6.567836538136567981e+01 2.572050529642031336e+01 
2.363579643294087904e-03 8.000000000000000000e+00 3.524279142087638483e-03 3.650461577582706507e-01 8.429542731288627522e+00 6.627902474170429059e+01 2.738490985995571947e+01 
1.594310913399484275e-01 3.000000000000000000e+00 6.235856679679258052e-01 1.977173659464780409e-01 3.226452583056498735e+00 4.515461790127631048e+00 7.741158628819161436e+01 
1.094750356586834082e-02 6.000000000000000000e+00 5.127587232620780533e-01 9.475574195169566005e-01 6.105877346031512332e+00 8.650325824636526306e+01 9.033515190675240447e+00 
9.711143242762513422e-03 6.000000000000000000e+00 3.041979584070780840e-02 2.697867137638703117e-01 6.420600466409638329e+00 2.292324571785366416e+00 7.942726488161504506e+01 
1.164637184491755691e-02 6.000000000000000000e+00 4.167597421629603005e-01 9.524046897229598851e-01 6.822293347188201906e+00 9.600231240544975719e+01 5.331995529683907620e+01 
1.090602589812464905e-02 4.000000000000000000e+00 6.369616873214543062e-01 2.697867137638703117e-01 4.742106828892632464e+00 1.652763552852909434e+00 7.159529931760840782e+01 
6.938731362031415328e-03 7.000000000000000000e+00 4.045518398215282030e-01 3.178494690471307949e-01 7.867086280736106829e+00 5.841021456699445480e+01 2.982065862096778375e+01 
1.094751416559642740e-02 3.000000000000000000e+00 8.637068200051335465e-01 9.884216073234336486e-01 3.352120234506656971e+00 6.700727329262151954e+01 8.920542928526543847e+01 
8.333722973190221123e-03 6.000000000000000000e+00 6.244736675508679724e-01 8.460325642729339402e-01 6.716795076293966105e+00 9.600231240544975719e+01 5.432842902678648045e+01 
2.017752866481003160e+00 8.000000000000000000e+00 4.163747324313549214e-01 3.993608334749657596e-01 8.761733230209374668e+00 9.520305278974929308e+01 3.693905273720212534e+01 
2.918649536608285480e-02 8.000000000000000000e+00 3.524279142087638483e-03 3.647624341264448788e-01 8.429542731288627522e+00 6.218286966911342972e+01 2.756848589927346893e+01 
9.456451702966687731e-03 8.000000000000000000e+00 6.379781192608227069e-01 9.271545530678674263e-01 8.795772103016910037e+00 1.558676447899060236e+00 5.432704065481973998e+01 
4.147892034007655271e-01 4.000000000000000000e+00 3.675110017686944452e-03 2.618122289412930792e-01 4.923161668294929960e+00 6.743955405182759932e-01 8.216802752736728621e+01 
8.319851685804506569e-03 9.000000000000000000e+00 6.066417052821010403e-01 9.488173891852168529e-01 9.402461275177428135e+00 9.419887008040109322e+01 5.432159321568198607e+01 
4.956490949468896762e-03 5.000000000000000000e+00 9.438925149537544801e-01 6.645862465826517518e-01 5.015523627963996312e+00 9.413232659635471578e+01 7.487558927237597572e+01 
8.690924001524278145e-03 8.000000000000000000e+00 3.463145216172947016e-02 2.697867137638703117e-01 8.677703623934018395e+00 1.652763552852909434e+00 8.792332247097063203e+01 
1.100687130954291007e-02 3.000000000000000000e+00 9.268084079780670725e-01 9.857465389342399131e-01 3.352120234506656971e+00 6.540077168830094934e+01 8.107928147772882710e+01 
1.081936943001829757e-02 4.000000000000000000e+00 9.954560807291956692e-03 3.803185345294654018e-01 4.840261497456874729e+00 7.215161934310741287e+01 7.860954201921806828e+01 
1.100153430056319270e-02 6.000000000000000000e+00 8.023461120417856307e-01 7.030400335111176569e-01 6.323131038124080838e+00 9.069753493134543021e+01 7.482485033017540843e+01 
5.751542011025650991e-02 3.000000000000000000e+00 9.274239286245599123e-01 9.920017181249507487e-01 3.691196333372356531e+00 8.864720718341750683e+01 9.811950400663442906e+01 
9.838200837398683452e-03 8.000000000000000000e+00 1.504829696654759186e-01 9.271545530678674263e-01 8.644605646930459741e+00 6.211259421502575151e-01 4.499064886364750748e+01 
4.504950631544238533e-03 8.000000000000000000e+00 4.334197083689794727e-02 2.697867137638703117e-01 8.096235624102746442e+00 6.994907241156989031e+00 8.805142446583775495e+01 
1.104904172432385166e-02 3.000000000000000000e+00 6.603130794621957511e-01 9.696008355822469671e-01 3.352120234506656971e+00 6.769848737368229763e+01 8.107928147772882710e+01 
3.310574994800447469e-03 3.000000000000000000e+00 7.799109233388222817e-01 7.030400335111176569e-01 3.782746865213590937e+00 9.352549519145844670e+01 7.482485033017540843e+01 
9.508289959965953581e-03 3.000000000000000000e+00 5.186213105475294682e-01 2.761244302440801768e-01 3.461435541212995570e+00 9.845185168307216372e+01 8.132702392002724423e+01 
1.125508089973350188e-02 8.000000000000000000e+00 6.462128397994476581e-01 3.403684222334677489e-01 8.659915836539362033e+00 9.704296957274860347e+01 8.155848384801193163e+01 
1.088213396933082611e-02 6.000000000000000000e+00 6.278789204929081658e-01 3.761804758970870299e-01 6.693417881298347361e+00 9.516495428703669290e+01 8.341656530143349357e+01 
1.122673346209261513e+00 5.000000000000000000e+00 6.369616873214543062e-01 2.697867137638703117e-01 5.119970260500031678e+00 3.169304191281728578e+00 2.974966846372483431e+01 
1.100687130956715457e-02 5.000000000000000000e+00 9.274239286245599123e-01 9.013842176507227411e-01 5.500961839709474610e+00 8.636400902455757489e+01 9.840292093332161016e+01 
9.297165972556135916e-03 4.000000000000000000e+00 3.897811225213126951e-03 2.692442133467414234e-01 4.842390989258539946e+00 7.296497983295301992e+01 3.297255216821517365e+01 
3.087793357706337671e-01 6.000000000000000000e+00 4.128963426808927029e-01 2.193652874748818205e-01 6.795143645756095196e+00 9.483101602396176588e+01 3.675686506985034185e+01 
6.652938180303926037e-03 4.000000000000000000e+00 6.384407430575460562e-01 2.697867137638703117e-01 4.674480631484295934e+00 9.623599347312435270e+01 7.159529931760840782e+01 
1.641786125868447965e-01 8.000000000000000000e+00 7.007714644498062029e-01 1.300792568693834306e-02 8.643769383339224177e+00 9.820178549771794962e+01 2.962055740335539511e+01 
1.100687130954291007e-02 3.000000000000000000e+00 9.093033296487184058e-01 9.681887393278405529e-01 3.691196333372356531e+00 8.636400902455757489e+01 9.711041308706313657e+01 
3.936317760699524215e-01 4.700000000000000000e+01 7.641871351488588315e-01 5.893277888630483741e-01 4.746498096784998921e+01 8.179306176652669080e+01 4.349336287832728232e+01 
6.016938133817445293e-03 7.000000000000000000e+00 6.279520573014268914e-01 3.993608334749657596e-01 7.944612504408013365e+00 9.520305278974929308e+01 5.468100261253846384e+01 
1.100687130954291007e-02 3.000000000000000000e+00 8.995630713902521558e-01 2.302269591129600390e-01 3.810339754897557718e+00 7.835057981745688949e+01 8.860611991774182172e+01 
6.671517794819259092e-03 3.000000000000000000e+00 6.369616873214543062e-01 2.677418624492182153e-01 3.697889660050657223e+00 9.517272146554647350e+01 5.517268554447140616e+01 
8.823290965325808130e-03 4.000000000000000000e+00 3.954896870370027129e-01 8.729779355011321185e-01 4.651464161846240231e+00 9.621977701162205676e+01 3.535276808111949265e+01 
1.093668231358496321e-02 3.000000000000000000e+00 7.982167832391471318e-01 9.254355276514825146e-01 3.352120234506656971e+00 6.700727329262151954e+01 8.920542928526543847e+01 
4.146304679792719300e-02 8.000000000000000000e+00 5.977624189294070689e-01 2.168084962385850023e-01 8.727302937151099727e+00 9.816080512440930761e+01 3.023274202056565230e+01 
1.061823173402860407e-02 3.000000000000000000e+00 9.184027305469295577e-01 3.520834775764352109e-01 3.697889660050657223e+00 9.517272146554647350e+01 5.517268554447140616e+01 
6.875297388867607218e-02 6.000000000000000000e+00 9.407552141021970904e-01 1.726752950653704377e-01 6.461985362049732728e+00 7.727062904456390413e+01 8.860611991774182172e+01 
1.099713360974561606e-02 5.000000000000000000e+00 6.424995435317983894e-01 9.397443161458429728e-01 5.155566633183276792e+00 2.066313719890729317e+00 9.776314298444589213e+01 
1.236939483260314637e-01 4.700000000000000000e+01 8.156721431971046821e-01 6.390614466121053994e-01 4.746498096784998921e+01 6.576036610611808442e-01 7.459339040219067840e+01 
1.747083172191375364e-02 8.000000000000000000e+00 6.217292965969055674e-01 3.429872158650451031e-01 8.683384660746034100e+00 6.842284145583631982e+01 5.432704065481973998e+01 
5.786774875859419798e-02 8.000000000000000000e+00 3.524279142087638483e-03 3.650461577582706507e-01 8.235328438027119446e+00 6.525722900188661413e+01 7.974210840736060391e+01 
1.355135712622875487e-02 3.000000000000000000e+00 8.637068200051335465e-01 9.882449561964674611e-01 3.352120234506656971e+00 7.408075349408909460e+01 8.898220611183222672e+01 
1.098300085545202490e-02 5.000000000000000000e+00 3.610644119711781119e-01 8.729779355011321185e-01 5.234830747999293266e+00 6.596606484596807718e+01 8.098963886680496671e+01 
1.085012594501277849e-02 5.000000000000000000e+00 4.045518398215282030e-01 2.763017699252476866e-01 5.018510193094662952e+00 5.800930844292417277e+01 2.986961328189225995e+01 
7.628416570583999162e-03 8.000000000000000000e+00 6.244468276541645935e-01 3.993608334749657596e-01 8.683384660746034100e+00 9.599902487895775494e+01 5.432704065481973998e+01 
7.316648997592171445e-03 1.000000000000000000e+01 3.536261978523482785e-01 8.781933986443138940e-01 1.027257163787919225e+01 9.343796818090855538e+01 3.535276808111949265e+01 
1.676499635450802786e-02 4.000000000000000000e+00 7.799109233388222817e-01 3.914470235417043531e-01 4.139108116233815693e+00 9.352549519145844670e+01 6.658949632509707328e+01 
4.885381959062680239e-03 8.000000000000000000e+00 5.945168108874484547e-01 9.490799385884427508e-01 8.409653766159452815e+00 9.356369446832975711e+01 5.350942270949157376e+01 
6.745671531824169731e-03 8.000000000000000000e+00 8.123353981112539923e-01 7.030400335111176569e-01 8.585194962869138635e+00 9.552075411063950128e+01 7.503285996923720802e+01 
1.100687130954291007e-02 3.000000000000000000e+00 7.982167832391471318e-01 9.233772961480508634e-01 3.352120234506656971e+00 6.624714977934807791e+01 7.230883362660813418e+01 
8.221090506014423413e-03 3.000000000000000000e+00 5.241591667578736624e-01 9.471247532436507521e-01 3.691196333372356531e+00 9.885607080538765956e+01 9.834770322254163943e+01 
1.751003580542136520e-02 3.000000000000000000e+00 9.923435325809359941e-02 3.788161836319406395e-01 3.845617042589572598e+00 9.517272146554647350e+01 5.517268554447140616e+01 
7.049197980055604482e-03 3.000000000000000000e+00 6.344252993202816882e-01 5.919258484261380460e-01 3.580741639059963788e+00 9.531877874473032364e+01 4.318526461392617932e+01 
3.113874212399838151e-03 4.000000000000000000e+00 3.897811225213126951e-03 2.698126933650411563e-01 4.842390989258539946e+00 7.089218277504453170e+01 3.297255216821517365e+01 
1.061412399351647357e-02 7.000000000000000000e+00 6.133720579010879526e-01 2.697867137638703117e-01 7.938931467595997660e+00 1.652763552852909434e+00 5.425234136810547625e+01 
4.715171576315606121e-03 4.000000000000000000e+00 6.369755382652771969e-01 2.690688196478182026e-01 4.923229291331753465e+00 3.717990367801785823e+00 2.108406572557392877e+01 
1.536388467279583420e-02 7.000000000000000000e+00 6.214741281568337827e-01 2.293446671568580841e-01 7.717462614763226370e+00 9.517272146554647350e+01 8.989218790377306334e+01 
3.391880194463735287e-02 9.000000000000000000e+00 3.524279142087638483e-03 3.739585422439791751e-01 9.702347014271863301e+00 6.627902474170429059e+01 2.583738191189837252e+01 
2.952081888608352189e-01 4.700000000000000000e+01 8.123353981112539923e-01 6.475940269404989458e-01 4.746498096784998921e+01 9.352549519145844670e+01 5.411098688558876546e+01 
1.100687130954291007e-02 3.000000000000000000e+00 7.799109233388222817e-01 7.030400335111176569e-01 3.782746865213590937e+00 7.914314369734931631e+01 7.482485033017540843e+01 
1.098413727436007778e-02 3.000000000000000000e+00 5.283320934622761644e-01 9.650554713866827949e-01 3.691308116789406402e+00 9.704245343918678657e+01 9.827556120021351660e+01 
1.060354626115399095e-02 8.000000000000000000e+00 8.130396753729787207e-01 9.502897867415673883e-01 8.327158269793718759e+00 9.331931392546127313e+01 8.911692614378377186e+01 
8.860048299315846990e-03 4.000000000000000000e+00 8.571278492195916199e-01 2.697867137638703117e-01 4.674480631484295934e+00 6.745679080914263182e+01 8.035176710311840509e+01 
5.562546551413821705e-02 6.000000000000000000e+00 6.279788971981301593e-01 8.460325642729339402e-01 6.716795076293966105e+00 9.209069268819244769e+01 5.432842902678648045e+01 
9.530964514661637368e-03 8.000000000000000000e+00 6.480156461717527794e-01 9.490799385884427508e-01 8.728139200742335291e+00 9.611293916835974471e+01 5.350942270949157376e+01 
3.743850175647100986e-03 8.000000000000000000e+00 6.279520573014268914e-01 7.109538429474685506e-01 8.730620651172184665e+00 9.520305278974929308e+01 5.468100261253846384e+01 
1.261291421095785126e-02 4.700000000000000000e+01 8.063554666459016307e-01 6.631857878474826107e-01 4.746498096784998921e+01 9.695018465235591520e+01 7.482485033017540843e+01 
8.829349609283464184e-03 6.000000000000000000e+00 6.369616873214543062e-01 2.697867137638703117e-01 6.509079237016383246e+00 1.223212725469686291e+00 8.111901428096543043e+01 
1.030521536521341285e-02 4.000000000000000000e+00 6.384407430575460562e-01 2.788902807794089167e-01 4.674480631484295934e+00 9.623599347312435270e+01 8.849189428022594939e+01 
1.139559662017683439e-02 8.000000000000000000e+00 5.941647810287900011e-01 3.650461577582706507e-01 8.282928185004033494e+00 6.627902474170429059e+01 2.738490985995571947e+01 
1.354118878128493242e-01 4.000000000000000000e+00 9.197836651681617903e-01 5.556841998743483613e-03 4.923645185155663739e+00 8.260328120094774818e+01 8.179914423843254667e+01 
4.221994428144237171e-02 8.000000000000000000e+00 4.334197083689794727e-02 2.692182337455705787e-01 8.096235624102746442e+00 7.418288852439388847e+00 8.805142446583775495e+01 
1.264759676671264182e-02 8.000000000000000000e+00 5.078195949430125422e-02 3.993608334749657596e-01 8.683384660746034100e+00 9.520305278974929308e+01 8.835196330097470252e+01 
5.523365289682171178e-03 8.000000000000000000e+00 6.348870038467205879e-01 2.433603860701453458e-01 8.732791799891044704e+00 1.647055213300557375e+00 8.226331065006073118e+01 
5.543667792207863064e-03 6.000000000000000000e+00 6.371437189530072542e-01 1.975086725026953260e-01 6.693417881298347361e+00 6.838788033541210609e+01 5.531462548727279227e+01 
4.309618039447700617e-03 6.000000000000000000e+00 8.123353981112539923e-01 6.941276486275310686e-01 6.434358363340791698e+00 9.352549519145844670e+01 7.482485033017540843e+01 
8.262139531910552004e-03 6.000000000000000000e+00 5.885368798976824412e-01 9.631638884708936255e-01 6.083078517528243800e+00 9.596511629052555747e+01 7.202136340441248308e+01 
5.446431713310868547e-03 8.000000000000000000e+00 3.041979584070780840e-02 1.911014233724640521e-01 8.643769383339224177e+00 1.652763552852909434e+00 2.979963007308239398e+01 
8.797452282783071453e-01 5.000000000000000000e+00 3.605104851251580422e-01 8.729779355011321185e-01 5.236960239800959371e+00 8.524491860244516772e+01 3.535276808111949265e+01 
9.838587697676436788e-03 3.000000000000000000e+00 6.327887606170519152e-01 3.578980360361860846e-01 3.697777876633607352e+00 9.024611735003443869e+01 5.432482552235779849e+01 
1.065540636909377906e-02 3.000000000000000000e+00 6.131291648847603248e-01 9.242256794983491064e-01 3.763413731609585700e+00 6.700727329262151954e+01 5.359763904930651535e+01 
1.101742651652469311e-02 4.000000000000000000e+00 6.450197036125083772e-01 9.884216073234336486e-01 4.521895668675032454e+00 9.577509330143041666e+01 8.868129654440630816e+01 
1.485839834839936327e-02 8.000000000000000000e+00 6.367441402016726926e-01 2.697867137638703117e-01 8.659915836539362033e+00 3.016706739899570522e+01 8.136872280296758220e+01 
1.092784004029346591e-02 3.000000000000000000e+00 7.984343303535731406e-01 8.793584497560609226e-01 3.352120234506656971e+00 6.700727329262151954e+01 8.916373040224208069e+01 
1.039059073725424019e-02 3.000000000000000000e+00 8.674452424647459692e-01 3.788161836319406395e-01 3.697889660050657223e+00 9.517272146554647350e+01 5.590621281368304807e+01 
3.342980764368373020e-02 3.000000000000000000e+00 6.457862816459618571e-01 6.808782492744968051e-01 3.691196333372356531e+00 9.449062406332754449e+01 9.720260493820015313e+01 
1.085164058544214015e-02 6.000000000000000000e+00 8.353456819996448734e-01 6.956960700531900077e-01 6.445586379933681442e+00 9.520907277628269583e+01 7.705095816574056755e+01 
1.141808775566626466e-01 8.000000000000000000e+00 4.334197083689794727e-02 2.697867137638703117e-01 8.096235624102746442e+00 3.151098087966164307e+00 8.501974538044653684e+01 
1.106762370885974039e-02 3.000000000000000000e+00 6.427986745200569008e-01 9.242256794983491064e-01 3.763413731609585700e+00 6.700727329262151954e+01 7.868474228152552996e+01 
8.476252899615309422e-03 5.000000000000000000e+00 6.425320046774302130e-01 6.645862465826517518e-01 5.015523627963996312e+00 9.519077104359163854e+01 5.573870158047076728e+01 
4.540506409465950438e-03 8.000000000000000000e+00 5.979190113898311676e-01 9.094339749493178804e-01 8.728139200742335291e+00 9.331931392546127313e+01 5.350942270949157376e+01 
1.100687130959140253e-02 4.000000000000000000e+00 8.571278492195916199e-01 2.697867137638703117e-01 4.674480631484295934e+00 6.841653245384786430e+01 8.035176710311840509e+01 
3.336069368470149892e-03 4.000000000000000000e+00 6.760332186240929353e-01 2.426424919540932645e-01 4.996104023631960267e+00 3.712282019723034399e+00 1.144446338017198528e+01 
8.628466210630724234e-03 3.000000000000000000e+00 6.383794963411554280e-01 3.560329975889754417e-01 3.697777876633607352e+00 9.620844179543202301e+01 5.432482552235779849e+01 
1.108660033220902619e-02 7.000000000000000000e+00 6.342361615287817056e-01 5.919258484261380460e-01 7.621793742065222865e+00 9.531877874473032364e+01 4.318526461392617932e+01 
1.134271821723633472e-02 4.000000000000000000e+00 8.538876624662876669e-01 9.490799385884427508e-01 4.792470614650029326e+00 9.408706227981225823e+01 5.350942270949157376e+01 
5.900421151476355902e-02 8.000000000000000000e+00 3.041979584070780840e-02 2.697867137638703117e-01 8.643769383339224177e+00 6.455654423122345520e+01 2.979963007308239398e+01 
1.008959822034466783e-02 5.000000000000000000e+00 6.131291648847603248e-01 8.561355170703421891e-01 5.007198072619479134e+00 6.700727329262151954e+01 5.359763904930651535e+01 
8.468626190583774388e-03 6.000000000000000000e+00 5.152651989277662326e-01 8.460325642729339402e-01 6.716795076293966105e+00 9.600231240544975719e+01 5.432842902678648045e+01 
5.174395491901295080e-02 8.000000000000000000e+00 6.369616873214543062e-01 2.677418624492182153e-01 8.644188653432628655e+00 9.520411410356039994e+01 5.518209862153015166e+01 
1.104646943397465803e-02 3.000000000000000000e+00 6.345432126264698436e-01 7.094475632088469430e-01 3.697726409843941298e+00 9.517272146554647350e+01 7.402234409821861050e+01 
1.142882157856950007e-02 3.000000000000000000e+00 5.241591667578736624e-01 9.471247532436507521e-01 3.713374936430439810e+00 9.953978297537939568e+01 9.834770322254163943e+01 
9.038393021262793037e-02 1.100000000000000000e+01 5.903704514284418003e-01 9.490799385884427508e-01 1.101777709262475113e+01 9.596511629052555747e+01 5.350942270949157376e+01 
7.253115651949013955e-03 3.000000000000000000e+00 6.403977331362467051e-01 3.461893799108003433e-01 3.697889660050657223e+00 9.517272146554647350e+01 5.517268554447140616e+01 
1.051748784007092326e-02 3.000000000000000000e+00 5.295976176672420044e-01 9.688993693588184852e-01 3.782746865213590937e+00 9.346131696087624618e+01 7.592808352204222899e+01 
3.226206185448808345e-03 3.000000000000000000e+00 6.344252993202816882e-01 6.187164669280479368e-01 3.569754639933020446e+00 9.363520115990606030e+01 4.212012736192564688e+01 
4.235994840284685453e-03 8.000000000000000000e+00 3.041979584070780840e-02 2.697867137638703117e-01 8.643769383339224177e+00 1.652763552852909434e+00 2.831818327382123712e+01 
4.082075783496132669e-03 4.000000000000000000e+00 6.476819269077687125e-01 2.788902807794089167e-01 4.674480631484295934e+00 9.438606695996166707e+01 8.849189428022594939e+01 
3.522926887913489513e-01 3.000000000000000000e+00 9.382905524658624596e-01 2.677418624492182153e-01 3.697889660050657223e+00 9.411427701830953652e+01 7.430957323592124908e+01 
2.366694722216593737e-03 8.000000000000000000e+00 3.524279142087638483e-03 3.566048860055058833e-01 8.429542731288627522e+00 6.627902474170429059e+01 2.738490985995571947e+01 
2.209592835359385291e-02 6.000000000000000000e+00 6.270149527013028079e-01 3.761804758970870299e-01 6.693417881298347361e+00 6.742813869070688781e+01 9.003451753760577958e+01 
9.508289959965953581e-03 3.000000000000000000e+00 5.186213105475294682e-01 2.761244302440801768e-01 3.308883807111139053e+00 9.845185168307216372e+01 8.132702392002724423e+01 
9.350872856794451016e-03 4.000000000000000000e+00 6.328500073334425435e-01 3.067107342915287860e-01 4.674480631484295934e+00 9.027366882290894523e+01 7.159529931760840782e+01 
3.451319183905531864e-03 8.000000000000000000e+00 6.822575048647965268e-01 3.993608334749657596e-01 8.683384660746034100e+00 9.520305278974929308e+01 5.432704065481973998e+01 
9.232106304899727334e-03 8.000000000000000000e+00 6.311922358058699167e-01 2.697867137638703117e-01 8.610153117126198907e+00 6.927334913649727355e+01 8.035176710311840509e+01 
1.099816830662603794e-02 4.000000000000000000e+00 3.897811225213126951e-03 2.698126933650411563e-01 4.140792506457593447e+00 8.360185249002121566e+00 3.297255216821517365e+01 
3.789218446101663869e-03 5.000000000000000000e+00 3.736897867241388838e-01 9.241510674467955377e-01 5.268462871009282900e+00 9.623159342386244930e+01 3.535276808111949265e+01 
2.750874366360575238e-02 5.000000000000000000e+00 6.278297791706312081e-01 2.504762471570508575e-01 5.390695075183021601e+00 9.845185168307216372e+01 8.132702392002724423e+01 
1.035628803606204566e-02 4.000000000000000000e+00 7.405417366517875744e-01 7.109538429474685506e-01 4.159642417258268665e+00 9.517166015173536664e+01 5.467158953547971834e+01 
1.523481521393965088e-01 3.000000000000000000e+00 7.823293980328617225e-01 3.795201716365663724e-01 3.782910115420307307e+00 9.352549519145844670e+01 5.717294423774954026e+01 
4.885381959062680239e-03 8.000000000000000000e+00 5.945168108874484547e-01 9.490799385884427508e-01 8.803033404302500031e+00 9.356369446832975711e+01 5.350942270949157376e+01 
9.702818061653652876e-03 3.000000000000000000e+00 9.165609467665792875e-01 3.636126807781111525e-01 3.884842123375596312e+00 9.723980518118132466e+01 5.517268554447140616e+01 
5.752731047410030406e-03 8.000000000000000000e+00 6.163436788180209902e-04 3.691985156629506992e-01 8.429542731288627522e+00 6.834200456909029242e+01 2.738490985995571947e+01 
1.055656576083714888e-02 4.000000000000000000e+00 6.349008547905434785e-01 2.384901340494839928e-01 4.996104023631960267e+00 2.312011365159847287e+00 2.108406572557392877e+01 
7.253115651949013955e-03 3.000000000000000000e+00 6.403977331362467051e-01 3.461893799108003433e-01 3.561382292283588491e+00 9.517272146554647350e+01 5.517268554447140616e+01 
6.628494584620031604e-02 8.000000000000000000e+00 3.162260268263009794e-02 3.650461577582706507e-01 8.435935265189447918e+00 6.743555369644118969e+01 2.738490985995571947e+01 
3.829879758395986211e-02 6.000000000000000000e+00 6.288360197087209391e-01 5.941788002564595272e-01 6.434358363340791698e+00 9.352670700369402823e+01 4.362089631506662357e+01 
2.316703847311392308e-03 4.000000000000000000e+00 3.606185314844800871e-02 2.426424919540932645e-01 4.996104023631960267e+00 3.712282019723034399e+00 1.144446338017198528e+01 
4.688818116841163564e-01 8.000000000000000000e+00 3.879276388079942461e-01 8.863965407563433319e-01 8.523346752376820490e+00 1.652763552852909434e+00 3.476108256347876591e+01 
7.784791890092607365e-03 8.000000000000000000e+00 2.037937867382768609e-01 2.697867137638703117e-01 8.096235624102746442e+00 9.774166787668603718e+01 6.880292089791457499e+01 
5.529027281722984077e-03 4.000000000000000000e+00 4.177777210009136488e-01 1.903560414747632601e-01 4.775660457524661950e+00 9.600231240544975719e+01 3.694044110916808421e+01 
1.022224552747575191e-02 3.000000000000000000e+00 6.367139547144307077e-01 2.761244302440801768e-01 3.681982696802117871e+00 9.812745748223726139e+01 8.132702392002724423e+01 
6.697150479390400445e-03 3.000000000000000000e+00 6.254276748936308250e-01 2.677418624492182153e-01 3.697889660050657223e+00 9.517272146554647350e+01 5.517268554447140616e+01 
9.852433473766316827e-03 3.000000000000000000e+00 8.246768596078475344e-01 7.030400335111176569e-01 3.139499117272731343e+00 9.589205593481464973e+01 7.596972077586971750e+01 
9.638786274750583277e-03 3.000000000000000000e+00 9.808869693216828445e-01 3.450469563738023382e-01 3.688274360705143806e+00 9.730544265001607585e+01 5.517268554447140616e+01 
1.046412641810960317e-02 3.000000000000000000e+00 5.885368798976824412e-01 9.527944721537675576e-01 3.615576809916753120e+00 9.622659106732726286e+01 5.433380828281882913e+01 
5.631911702570213674e-03 5.000000000000000000e+00 6.345668873483613082e-01 1.975086725026953260e-01 5.952826004514030878e+00 6.833565175170329553e+01 5.531462548727279227e+01 
1.100651082928767038e-02 5.000000000000000000e+00 3.840593119924814447e-01 3.650461577582706507e-01 5.408659352098132977e+00 6.627902474170429059e+01 2.738490985995571947e+01 
1.090694016032255423e-02 3.000000000000000000e+00 5.241591667578736624e-01 8.770430027883768798e-01 3.691196333372356531e+00 9.991098886310271610e+01 3.856754858297296806e+01 
1.090253859140618078e-02 3.000000000000000000e+00 6.129426497463874579e-01 5.919258484261380460e-01 3.580741639059963788e+00 9.525509184465119006e+01 8.426809788482253794e+01 
1.211914935863302352e-02 3.000000000000000000e+00 5.186213105475294682e-01 2.360455105067045256e-01 3.303470823022744085e+00 9.845185168307216372e+01 5.359202574324939405e+01 
3.245754927904286324e-01 5.000000000000000000e+00 5.918477301845397331e-01 9.094339749493178804e-01 5.223806937383283611e+00 9.430541618434342865e+01 5.355024304005407743e+01 
1.221038388639726809e-02 3.000000000000000000e+00 5.186213105475294682e-01 2.761244302440801768e-01 3.461435541212995570e+00 9.845185168307216372e+01 8.324410510524909057e+01 
1.001447359752529777e-02 3.000000000000000000e+00 6.369616873214543062e-01 7.620815894766874710e-01 3.695419786718249888e+00 9.517272146554647350e+01 5.517268554447140616e+01 
1.623368066631879214e-02 8.000000000000000000e+00 5.885368798976824412e-01 9.490799385884427508e-01 8.334978860958903724e+00 9.596511629052555747e+01 5.350942270949157376e+01 
4.984825241410876552e-03 8.000000000000000000e+00 2.394281189108551575e-03 2.697867137638703117e-01 8.637376849438405557e+00 1.420278508024381381e+00 2.831818327382123712e+01 
1.428527453411448656e-01 3.000000000000000000e+00 8.179246775565531813e-01 6.918746967972096984e-01 3.580741639059963788e+00 9.783854967899344501e+01 7.438921851311184241e+01 
3.828072984853787136e-02 4.000000000000000000e+00 6.435466012474468922e-01 2.698126933650411563e-01 4.842390989258539946e+00 7.089218277504453170e+01 3.297255216821517365e+01 
7.421092384733561642e-02 5.000000000000000000e+00 1.853636812634626430e-02 2.562615567958528850e-01 5.236960239800959371e+00 9.623159342386244930e+01 3.039131559072312072e+01 
6.010138815918285998e-03 4.000000000000000000e+00 6.343467993394928950e-01 2.697867137638703117e-01 4.674480631484295934e+00 4.670497934119012484e+00 8.943740696370113596e+01 
4.712051028490287473e-03 4.000000000000000000e+00 6.320941599450115023e-01 2.690688196478182026e-01 4.479835822259321532e+00 3.717990367801785823e+00 2.108406572557392877e+01 
7.620105757966663673e-03 3.000000000000000000e+00 5.188690431545530668e-01 3.788161836319406395e-01 3.477342504461563344e+00 9.549711468049852670e+01 5.517268554447140616e+01 
4.103068046832563515e-02 8.000000000000000000e+00 3.524279142087638483e-03 3.566048860055058833e-01 8.429542731288627522e+00 7.517213337141325269e+01 2.738490985995571947e+01 
9.765405125282958926e-03 3.000000000000000000e+00 5.459649473284797772e-01 6.187164669280479368e-01 3.569754639933020446e+00 9.350849188455129024e+01 4.391697478645689756e+01 
7.421707721468170406e-03 3.000000000000000000e+00 6.151012042162522508e-01 3.647551043151091577e-01 3.894457422721109729e+00 9.510708399657393386e+01 5.517268554447140616e+01 
4.064704837762168899e-02 9.000000000000000000e+00 6.383794963411554280e-01 3.511668148998443040e-01 9.490809519919752191e+00 9.594696701863031763e+01 4.786485724796931862e+01 
3.154176247011178727e-03 3.000000000000000000e+00 6.370021309249277452e-01 6.187164669280479368e-01 3.569754639933020446e+00 9.368677455188890235e+01 4.212012736192564688e+01 
1.069753976518696657e-02 8.000000000000000000e+00 9.051918516748413968e-04 9.241510674467955377e-01 8.289346279619060454e+00 9.623159342386244930e+01 3.535276808111949265e+01 
1.080995029639759963e-02 4.000000000000000000e+00 3.736897867241388838e-01 9.430596852409889319e-01 4.754790333992515272e+00 9.612958927892489669e+01 9.469568459172806740e+01 
1.070021929671332792e-02 4.000000000000000000e+00 8.123353981112539923e-01 7.030400335111176569e-01 4.331966503458285267e+00 8.128268834021464784e+01 4.315152677814074877e+01 
2.976265942134971934e-02 8.000000000000000000e+00 6.822575048647965268e-01 3.993608334749657596e-01 8.707039999996208479e+00 9.520305278974929308e+01 8.206203732333970891e+01 
6.339127842796089818e-03 8.000000000000000000e+00 9.233058882305120729e-01 5.919258484261380460e-01 8.519856292698985811e+00 8.239990108335079810e+01 4.350328160691972101e+01 
1.639379624903708824e-02 4.000000000000000000e+00 6.369755382652771969e-01 2.690688196478182026e-01 4.923229291331753465e+00 3.717990367801785823e+00 2.018544279956480736e+01 
3.000208230785155264e-02 3.000000000000000000e+00 7.799109233388222817e-01 2.087015981927146657e-01 3.785216738545998716e+00 9.352549519145844670e+01 7.482485033017540843e+01 
7.127110215248278272e-03 3.000000000000000000e+00 6.369616873214543062e-01 6.037527580478940781e-01 3.697889660050657223e+00 9.520061752654869736e+01 6.413040871065625481e+01 
3.934693829091883560e-02 8.000000000000000000e+00 2.715018443313443886e-02 2.697867137638703117e-01 8.140150190625750071e+00 5.256862579293013482e+00 5.538051990934599189e+01 
6.653670538071567754e-03 3.000000000000000000e+00 7.799109233388222817e-01 7.030400335111176569e-01 3.782746865213590937e+00 8.595719664382350800e+01 7.482485033017540843e+01 
1.100687130954291007e-02 3.000000000000000000e+00 6.766575590496773929e-01 3.647551043151091577e-01 3.288966765985310570e+00 8.956209131209587326e+01 5.517268554447140616e+01 
7.128133405763663159e-03 5.000000000000000000e+00 3.736897867241388838e-01 2.979740750884399825e-01 5.201575108736863129e+00 9.715784229341993239e+01 3.488360798788789907e+01 
3.692111331760384446e-02 8.000000000000000000e+00 3.041979584070780840e-02 2.705692254762966931e-01 8.479842094157074683e+00 1.652763552852909434e+00 9.098693126204351245e+01 
1.865245293803260151e-01 5.000000000000000000e+00 5.771592232339564088e-01 2.698126933650411563e-01 5.472845948073619127e+00 7.089218277504453170e+01 3.327190666033285282e+01 
6.697150479390400445e-03 3.000000000000000000e+00 6.254276748936308250e-01 2.677418624492182153e-01 3.700292298254459045e+00 9.517272146554647350e+01 5.501132395698001432e+01 
2.307687942882721485e-02 1.400000000000000000e+01 1.242242385598923970e-02 9.580167410282767193e-01 1.457808255294805733e+01 9.596511629052555747e+01 4.797690118490407940e+01 
7.563715732964532319e-03 6.000000000000000000e+00 6.255431806632585356e-01 1.358519117085353889e-01 6.718977273138459161e+00 6.845445693055411596e+01 5.098915267711389276e+01 
7.868507461843239625e-02 6.000000000000000000e+00 6.489729180134048425e-01 7.030400335111176569e-01 6.647961482215819728e+00 9.351828640660032477e+01 7.007377138681638939e+01 
4.340256638188651032e-03 4.000000000000000000e+00 3.897811225213126951e-03 2.698126933650411563e-01 4.842390989258539946e+00 7.115735109087125920e+01 3.868939713464635588e+01 
7.076687806145668357e-03 4.000000000000000000e+00 6.219350068722081515e-01 2.426424919540932645e-01 4.996104023631960267e+00 3.712282019723034399e+00 8.618446707404342533e+01 
2.267597212070878235e-02 3.000000000000000000e+00 6.158448645434830837e-01 3.453899077476232926e-01 3.695475485749937228e+00 9.909007709385842588e+01 9.897388294987300128e+01 
7.261652513361898514e-03 3.000000000000000000e+00 6.369616873214543062e-01 3.467020274522478740e-01 3.702249937981076044e+00 9.517272146554647350e+01 5.517268554447140616e+01 
1.230859628662807348e-02 8.000000000000000000e+00 8.036262885293687930e-04 3.652523831067997495e-01 8.429542731288627522e+00 6.627902474170429059e+01 2.841667437369873639e+01 
6.630614518839970072e-03 3.000000000000000000e+00 4.177777210009136488e-01 1.869678771900399328e-01 3.198272652495877555e+00 9.600231240544975719e+01 3.846948983837468461e+01 
1.404242780876095026e-02 8.000000000000000000e+00 6.285865975361282221e-01 2.113199104687618068e-01 8.765798506469463902e+00 3.717990367801785823e+00 2.103524716241090076e+01 
3.398917691036777017e-02 3.000000000000000000e+00 6.476819269077687125e-01 2.788902807794089167e-01 3.569399044307370428e+00 9.438606695996166707e+01 8.849189428022594939e+01 
6.869407499104379471e-03 3.000000000000000000e+00 6.369849122960611343e-01 5.684658849450948681e-01 3.580741639059963788e+00 9.531877874473032364e+01 4.318526461392617932e+01 
8.558977018439006129e-03 3.000000000000000000e+00 6.370021309249277452e-01 2.827055731110078574e-01 3.569754639933020446e+00 8.319101456295400965e+01 4.212012736192564688e+01 
1.164087582681191425e-02 3.000000000000000000e+00 6.615557266550551319e-01 3.461893799108003433e-01 3.521024302529224492e+00 9.654919312270996556e+01 8.784350895910432655e+01 
7.991768591939283836e-03 4.000000000000000000e+00 3.606185314844800871e-02 2.426424919540932645e-01 4.996104023631960267e+00 1.317339952309228757e+01 1.144446338017198528e+01 
7.865094786602062557e-03 3.000000000000000000e+00 6.369616873214543062e-01 4.266323353222730153e-01 3.899506062416010277e+00 9.517272146554647350e+01 5.517268554447140616e+01 
7.244374503702224501e-03 4.000000000000000000e+00 6.320941599450115023e-01 8.440419827649242590e-01 4.479835822259321532e+00 3.717990367801785823e+00 2.108406572557392877e+01 
6.538676281344550298e-03 4.000000000000000000e+00 6.343467993394928950e-01 2.697867137638703117e-01 4.838411112097137590e+00 4.670497934119012484e+00 2.673875950709554417e+01 
1.283521271828532567e-02 3.000000000000000000e+00 6.955313675901467207e-02 6.187164669280479368e-01 3.569754639933020446e+00 9.363520115990606030e+01 4.182077286980797481e+01 
7.620105757966663673e-03 3.000000000000000000e+00 5.188690431545530668e-01 3.788161836319406395e-01 3.474939866257776178e+00 9.549711468049852670e+01 5.517268554447140616e+01 
1.078365324708116385e-01 8.000000000000000000e+00 5.892623168108053200e-01 3.458377351804918232e-01 8.429542731288627522e+00 6.627902474170429059e+01 2.738490985995571947e+01 
2.363579643294087904e-03 8.000000000000000000e+00 3.524279142087638483e-03 3.650461577582706507e-01 8.170147923933527068e+00 6.621244814656226652e+01 2.738490985995571947e+01 
9.708891215070019828e-03 6.000000000000000000e+00 7.823658569552669473e-01 2.697867137638703117e-01 6.779457726776398019e+00 9.624320225795329975e+01 7.472569967153285120e+01 
9.319663856582959677e-03 3.000000000000000000e+00 5.975604174385541478e-01 2.677418624492182153e-01 3.697889660050657223e+00 9.490580041638904163e+01 5.517268554447140616e+01 
2.735574564607733475e-02 8.000000000000000000e+00 4.334197083689794727e-02 2.697867137638703117e-01 8.096235624102746442e+00 6.994907241156989031e+00 2.294392094944624461e+01 
5.845929202058251783e-03 3.000000000000000000e+00 5.399015754497618058e-01 9.636320042821778786e-01 3.649133606664777485e+00 9.487268564632660173e+01 5.383578504874684967e+01 
6.614098121590922773e-03 3.000000000000000000e+00 6.607535672079936084e-01 2.672292149077706847e-01 3.557022014353169226e+00 9.517272146554647350e+01 5.517268554447140616e+01 
7.251561371498672220e-03 3.000000000000000000e+00 6.403977331362467051e-01 3.459831545622712445e-01 3.697889660050657223e+00 9.517272146554647350e+01 5.465927395603366534e+01 
4.493699760191789162e-03 4.000000000000000000e+00 3.606185314844800871e-02 2.460306562388166196e-01 4.996104023631960267e+00 3.712282019723034399e+00 1.947211776960301677e+01 
1.052074392997127614e-02 4.000000000000000000e+00 3.602421015639634128e-02 2.698034228668660384e-01 4.357857539872181718e+00 1.652763552852909434e+00 3.435069252167220810e+01 
9.830568660542885612e-03 4.000000000000000000e+00 6.173220685199907187e-01 6.187164669280479368e-01 4.674836436634729253e+00 9.363520115990606030e+01 4.212012736192564688e+01 
9.125719349640340136e-03 3.000000000000000000e+00 5.445789856352089009e-01 6.188086165468817956e-01 3.569754639933020446e+00 9.368677455188890235e+01 5.452051429106391112e+01 
1.921546401928708736e-02 4.000000000000000000e+00 5.437774704770239609e-01 2.788902807794089167e-01 4.674480631484295934e+00 9.440954109481155854e+01 8.835037237882724526e+01 
7.510815653613404919e-02 5.000000000000000000e+00 3.791633743730825068e-01 7.525096288366646125e-01 5.236960239800959371e+00 8.353120427991331098e+01 3.426255662796156543e+01 
3.113874212399838151e-03 4.000000000000000000e+00 3.897811225213126951e-03 2.698126933650411563e-01 4.507942248529261065e+00 7.009121190236569987e+01 3.297255216821517365e+01 
5.609239239494671729e-03 3.000000000000000000e+00 4.177777210009136488e-01 2.385519331931924558e-01 3.198272652495877555e+00 9.600231240544975719e+01 2.543551679685844036e+01 
9.619420568459668974e-02 1.000000000000000000e+01 6.356366344097263976e-01 6.171475979224562147e-01 1.034632594272778405e+01 8.595719664382350800e+01 7.446565807709248475e+01 
5.664693079962307420e-02 3.000000000000000000e+00 7.632375219399165633e-01 1.789321427124589414e-01 3.710815509135566792e+00 9.352549519145844670e+01 7.500436597217586154e+01 
1.801983228576797824e-02 5.000000000000000000e+00 6.244202667226026460e-01 3.789455557248102568e-01 5.131870040794821008e+00 5.987306408834081850e+01 6.474489514798486312e+01 
4.341444496985350301e-03 4.000000000000000000e+00 3.887207729250153048e-03 2.698126933650411563e-01 4.842390989258539946e+00 7.113096362487988245e+01 3.868939713464635588e+01 
5.256130572906666035e-03 9.000000000000000000e+00 3.524279142087638483e-03 3.650461577582706507e-01 9.499011351086659616e+00 6.621244814656226652e+01 2.738490985995571947e+01 
8.905705161629537750e-03 8.000000000000000000e+00 3.884655024002114931e-02 2.699082819116234155e-01 8.096235624102746442e+00 6.994907241156989031e+00 8.805142446583775495e+01 
3.302685619522421206e-02 7.000000000000000000e+00 1.329139565286163727e-02 3.566048860055058833e-01 7.760387470844186453e+00 6.627902474170429059e+01 2.738490985995571947e+01 
7.935540927185449553e-03 4.000000000000000000e+00 6.254276748936308250e-01 2.677418624492182153e-01 4.046515910849384667e+00 9.517272146554647350e+01 5.501132395698001432e+01 
1.445393681852415180e-02 8.000000000000000000e+00 3.041979584070780840e-02 2.697867137638703117e-01 8.643769383339224177e+00 2.117936215356948537e+00 2.607860302597902802e+01 
1.601313094717451632e-02 5.000000000000000000e+00 1.556958120032042592e-02 3.650461577582706507e-01 5.416074142642111511e+00 6.694430029556889394e+01 2.818101236122963016e+01 
1.100687130959140253e-02 4.000000000000000000e+00 6.369616873214543062e-01 6.970298530727470077e-01 4.555692583866107981e+00 8.495067794879599887e+01 5.492669528546604596e+01 
4.729531796243226227e-03 4.000000000000000000e+00 6.611671227005900819e-01 2.690688196478182026e-01 4.476994575607086801e+00 3.821225921629360034e+00 2.219110124022232711e+01 
3.877035970174978145e-03 6.000000000000000000e+00 6.423415706428801109e-01 2.743920661775851588e-01 6.216428958638755553e+00 9.513900567819986520e+01 3.846948983837468461e+01 
3.746448876579996836e-03 4.000000000000000000e+00 6.335740143497363697e-01 5.928729520867090930e-01 4.264642961851589753e+00 9.499716220027318059e+01 4.318526461392617932e+01 
2.911561293969093436e-03 5.000000000000000000e+00 3.606185314844800871e-02 2.426424919540932645e-01 5.528729657647751594e+00 3.712282019723034399e+00 1.144446338017198528e+01 
2.568633561617242149e-03 3.000000000000000000e+00 6.438060318805065574e-01 9.636320042821778786e-01 3.649133606664777485e+00 9.484921151147672447e+01 5.397715168662345775e+01 
7.486365619721187595e-03 3.000000000000000000e+00 6.552799795483125189e-01 2.672292149077706847e-01 3.557022014353169226e+00 9.282282630473839902e+01 5.626289699771715647e+01 
4.458023318073822683e-02 3.000000000000000000e+00 6.370021309249277452e-01 6.187164669280479368e-01 3.569754639933020446e+00 9.448612163276814613e+01 4.212012736192564688e+01 
4.493816868088783452e-03 3.000000000000000000e+00 3.623513916916887290e-02 2.460306562388166196e-01 3.183211449152847816e+00 3.712282019723034399e+00 2.006002667127691197e+01 
3.309888255227689657e-03 3.000000000000000000e+00 7.786995882489077259e-01 7.046089025167092679e-01 3.541620107027257713e+00 9.363520115990606030e+01 4.247931944871533005e+01 
1.871017117706964827e-03 5.000000000000000000e+00 3.448978867573720963e-02 7.303748698562158026e-01 5.068035787384079782e+00 3.712282019723034399e+00 1.144446338017198528e+01 
9.689011598647540371e-03 3.000000000000000000e+00 2.621132210016430264e-02 6.377532346761936033e-01 3.679167644506426971e+00 9.561601618681829962e+01 2.677042402619254702e+01 
2.367250591622833186e-03 8.000000000000000000e+00 3.534882638050612386e-03 3.566048860055058833e-01 8.429542731288627522e+00 6.630541220769566735e+01 2.738490985995571947e+01 
6.697150479390400445e-03 3.000000000000000000e+00 6.254276748936308250e-01 2.677418624492182153e-01 3.715364230182602867e+00 9.517272146554647350e+01 5.501132395698001432e+01 
6.598941437989267779e-03 3.000000000000000000e+00 6.672952172210482313e-01 2.671076467600175253e-01 3.557022014353169226e+00 9.517272146554647350e+01 5.517268554447140616e+01 
3.177878091051561556e-03 3.000000000000000000e+00 6.665313194598497804e-01 6.187164669280479368e-01 3.788428344650834667e+00 9.368677455188890235e+01 4.212012736192564688e+01 
1.361252322260233238e-01 8.000000000000000000e+00 3.041979584070780840e-02 4.070186886233966295e-01 8.581837857205799835e+00 1.652763552852909434e+00 2.979963007308239398e+01 
2.363579643294087904e-03 8.000000000000000000e+00 3.524279142087638483e-03 3.650461577582706507e-01 8.170147923933527068e+00 6.625895298683772694e+01 2.738490985995571947e+01 
4.497682870552265899e-01 8.000000000000000000e+00 3.808782607925303987e-01 9.241510674467955377e-01 8.225399636414540083e+00 9.555390834541563549e+01 3.535276808111949265e+01 
4.445793289385637816e-03 3.000000000000000000e+00 7.799109233388222817e-01 2.976080854816232080e-01 3.781359165322278670e+00 9.352549519145844670e+01 7.507084058825756756e+01 
7.145323106311606519e-03 3.000000000000000000e+00 6.320549912917345914e-01 6.037527580478940781e-01 3.700730907628887234e+00 9.520061752654869736e+01 6.484217777304885999e+01 
5.602285189193544762e-03 3.000000000000000000e+00 4.008638252502005339e-01 2.677418624492182153e-01 3.127729179868198983e+00 9.603602819279636549e+01 6.478132757519863105e+01 
3.198343167421224646e-03 3.000000000000000000e+00 7.103406667689661225e-01 6.177693632674767787e-01 3.580797095983567768e+00 9.363520115990606030e+01 4.212012736192564688e+01 
5.845929202058251783e-03 3.000000000000000000e+00 5.399015754497618058e-01 9.636320042821778786e-01 3.093425416819867824e+00 9.487268564632660173e+01 5.383578504874684967e+01 
8.889112720393995554e-03 3.000000000000000000e+00 6.717877775678116059e-01 2.149209383367606807e-01 3.198272652495877555e+00 9.070256892632559698e+01 3.861198849233166897e+01 
1.247306162165647166e-02 8.000000000000000000e+00 4.282474482865953336e-01 3.948476979365630468e-01 8.683384660746034100e+00 9.519935690810004303e+01 5.418454200086287642e+01 
1.081755510945494117e-02 4.000000000000000000e+00 6.369616873214543062e-01 2.697867137638703117e-01 4.925755625001150051e+00 1.652763552852909434e+00 8.132702392002724423e+01 
8.730903085753469184e-02 3.700000000000000000e+01 9.127555772777217191e-01 6.066357757671798634e-01 3.728633836624792508e+01 5.436249914654228377e+01 9.350724237877682299e+01 
3.392986254976000371e-01 4.300000000000000000e+01 8.158535541215321540e-01 2.738500170148094881e-03 4.329800099961575910e+01 3.358557530546435466e+00 7.296554464299440212e+01 
7.005254272274914762e-02 2.800000000000000000e+01 1.756556206025590150e-01 8.631789223498865793e-01 2.844867735170731038e+01 2.997118905373847753e+01 4.226872211976584737e+01 
1.404792569900106813e-02 3.400000000000000000e+01 2.831967114546296571e-02 1.242832764995639439e-01 3.451934749060062302e+01 6.471895115742501048e+01 6.153851114812538725e+01 
9.905917601821780105e-03 4.900000000000000000e+01 3.836775542618834356e-01 9.972099357892110216e-01 4.909926092248281293e+01 6.855419844806947083e+01 6.504592762678163353e+01 
1.047352416154473560e-02 9.000000000000000000e+00 6.884467305709400797e-01 3.889214239791037864e-01 9.349535736053326218e+00 7.214883401940817009e+01 5.253543224757258656e+01 
1.288848878727852920e-01 4.400000000000000000e+01 3.102418755589556598e-01 4.858353588317890770e-01 4.480592821440301066e+01 9.340435159562497347e+01 3.577951967090702112e+01 
1.684501265887321242e-02 3.000000000000000000e+01 5.715298307297609348e-01 3.218693910759421462e-01 3.093210141938574864e+01 3.379112255071332527e+01 3.916190005281612230e+01 
8.555923994161653001e-02 3.200000000000000000e+01 8.902743520047923242e-01 2.271575935333797203e-01 3.228979580024399354e+01 8.401534358238482270e+00 8.326441476533977948e+01 
1.152717258650123172e-02 3.700000000000000000e+01 9.127555772777217191e-01 8.527459868901642315e-01 3.728633836624792508e+01 2.754305534885825324e+01 9.586769583440822373e+01 
1.099070316845429489e-02 1.100000000000000000e+01 8.235507093948734036e-01 3.889214239791037864e-01 1.110974989685311343e+01 6.447071611112623657e+01 5.253543224757258656e+01 
4.230142054622809678e-01 4.900000000000000000e+01 6.880581968555579131e-01 9.972099357892110216e-01 4.909926092248281293e+01 6.863824611115623497e+01 6.504592762678163353e+01 
1.076777859638183843e-02 4.000000000000000000e+00 6.369616873214543062e-01 2.471474245809140990e-01 4.288748102828794373e+00 1.652763552852909434e+00 8.132702392002724423e+01 
3.426271885567718639e-02 3.200000000000000000e+01 8.902743520047923242e-01 9.023421812022476285e-01 3.228979580024399354e+01 8.401534358238482270e+00 8.326441476533977948e+01 
4.935949144938731742e-02 2.800000000000000000e+01 1.756556206025590150e-01 6.159952860004326292e-01 2.844867735170731038e+01 5.679063289010629489e+01 3.972690591619691958e+01 
1.509423070221393819e-02 3.400000000000000000e+01 2.831967114546296571e-02 1.242832764995639439e-01 3.451934749060062302e+01 7.239706906570695821e+01 6.153851114812538725e+01 
1.066113180668121739e-02 9.000000000000000000e+00 3.840660878987284255e-01 3.889214239791037864e-01 9.349535736053326218e+00 7.866885605959285499e+01 5.253543224757258656e+01 
1.981189489272418836e-01 3.500000000000000000e+01 2.934988277123729006e-02 1.242832764995639439e-01 3.540070055368880020e+01 6.471895115742501048e+01 6.153851114812538725e+01 
5.671071757961973492e-02 3.700000000000000000e+01 1.584103568944777995e-01 1.875828953667337817e-01 3.767372348737033860e+01 2.997118905373847753e+01 4.226872211976584737e+01 
8.676173854357803819e-03 4.000000000000000000e+00 5.715298307297609348e-01 3.218693910759421462e-01 4.036212464759135088e+00 3.441330190210695861e+01 3.916190005281612230e+01 
1.098914225495102592e-02 1.200000000000000000e+01 8.235087286765537806e-01 3.760246438282530690e-01 1.241799326658762403e+01 6.447071611112623657e+01 5.230208371736770800e+01 
1.854686982584444199e-01 9.000000000000000000e+00 6.798509404876018625e-01 3.889214239791037864e-01 9.349535736053326218e+00 7.704099701459114158e+01 5.253543224757258656e+01 
3.489695767035685958e-03 4.000000000000000000e+00 6.401222755201360082e-01 2.697867137638703117e-01 4.925755625001150051e+00 6.234053773129722309e+00 8.132702392002724423e+01 
1.072345367175455040e-02 1.000000000000000000e+01 6.884467305709400797e-01 9.997171329792493566e-01 1.056695872720754181e+01 7.214883401940817009e+01 5.142976882083622314e+01 
4.941318011747682787e-02 3.100000000000000000e+01 6.369616873214543062e-01 2.471474245809140990e-01 3.139606989835664308e+01 1.845302127701716088e+00 8.132702392002724423e+01 
1.631088924011425245e+00 3.500000000000000000e+01 9.127975579537535022e-01 8.656317570682279250e-01 3.597825214915638981e+01 2.754305534885825324e+01 9.604471687793113688e+01 
1.038005901142565433e-02 8.000000000000000000e+00 6.090038067669399924e-01 3.889214239791037864e-01 8.605588894837081781e+00 7.866885605959285499e+01 5.253543224757258656e+01 
1.076777847557225387e-02 3.000000000000000000e+00 6.369616873214543062e-01 2.471474245809140990e-01 3.525368929621349956e+00 1.652763552852909434e+00 8.132702392002724423e+01 
3.835750451604037770e-02 4.700000000000000000e+01 3.836775542618834356e-01 3.076455543003254189e-01 4.756223588426244930e+01 6.739818839847752940e+01 6.615159105351752089e+01 
1.100687130959140253e-02 4.000000000000000000e+00 3.772044720722988465e-01 3.218693910759421462e-01 4.036212464759135088e+00 6.891957205488805016e+01 3.916190005281612230e+01 
5.119701621906961632e-03 3.000000000000000000e+00 6.091554295858051526e-01 2.164372683912685891e-01 3.599798653807153137e+00 6.234053773129722309e+00 8.132702392002724423e+01 
1.076839056239860780e-02 4.000000000000000000e+00 6.369616873214543062e-01 2.473915689975450805e-01 4.288748102828794373e+00 1.652763552852909434e+00 8.132702392002724423e+01 
1.076805707426278791e-02 3.000000000000000000e+00 6.369576846805445891e-01 2.472589903588255922e-01 3.627047025586739970e+00 1.652763552852909434e+00 8.132702392002724423e+01 
2.710442267956681556e-02 3.000000000000000000e+00 5.715298307297609348e-01 3.413397474339099347e-01 3.576295474702037680e+00 7.086940705989039202e+01 3.867682510265001383e+01 
1.006598454532933382e-02 4.900000000000000000e+01 5.756578654820188046e-01 9.991132737120977936e-01 4.909926092248281293e+01 3.404792826198386990e+01 6.504592762678163353e+01 
1.081295681895358754e-02 4.000000000000000000e+00 6.369616873214543062e-01 2.674223505663870237e-01 4.851328420793218577e+00 1.652763552852909434e+00 8.132702392002724423e+01 
1.081708615266845259e-02 4.000000000000000000e+00 6.369616873214543062e-01 2.695425693472393025e-01 4.925755625001150051e+00 1.652763552852909434e+00 8.132702392002724423e+01 
3.489549243628654353e-03 4.000000000000000000e+00 6.401262781610456143e-01 2.696751479859588185e-01 4.824079939283229201e+00 6.234053773129722309e+00 7.988844668740340182e+01 
1.105267066218665502e-02 1.100000000000000000e+01 6.884467305709400797e-01 9.669551639321027903e-01 1.105008925519063823e+01 3.569272861998931035e+01 5.191484377100233871e+01 
5.382404204391603823e-03 3.000000000000000000e+00 6.402343475358270863e-01 2.472589903588255922e-01 3.627047025586739970e+00 6.286676675106178891e+00 8.132702392002724423e+01 
1.100687130954291007e-02 3.000000000000000000e+00 5.715298307297609348e-01 3.413397474339099347e-01 3.576295474702037680e+00 1.642143208701874002e+01 3.781817778194240987e+01 
3.489549243628654353e-03 4.000000000000000000e+00 6.401262781610456143e-01 2.696751479859588185e-01 4.516347015238497242e+00 6.234053773129722309e+00 7.988844668740340182e+01 
3.629016450280551642e-01 4.800000000000000000e+01 3.836775542618834356e-01 9.982839453741522151e-01 4.848919123323142344e+01 6.942057327101521480e+01 4.035075056959190221e+01 
1.081752261739831432e-02 4.000000000000000000e+00 6.368456126648535109e-01 2.697867137638703117e-01 4.925755625001150051e+00 1.600163736862860286e+00 8.132702392002724423e+01 
5.175138488643492990e-03 3.000000000000000000e+00 6.091554295858051526e-01 2.164372683912685891e-01 3.599798653807153137e+00 6.948802109218372891e+01 8.132702392002724423e+01 
1.085052155551225264e-02 5.000000000000000000e+00 6.401262781610456143e-01 2.884452873614961055e-01 5.681139740992882992e+00 1.783870292779178079e+00 8.072842538549423352e+01 
3.801218859621263713e-02 4.000000000000000000e+00 5.715298307297609348e-01 3.061528218612716845e-01 4.602946301091154879e+00 3.771643479903921303e+01 6.504744652213238965e+01 
1.071167460755781224e-02 3.000000000000000000e+00 6.093955394632717404e-01 2.311036022576167248e-01 3.596604592064222672e+00 1.675273401446892407e+00 8.132702392002724423e+01 
5.356986438345981254e-03 3.000000000000000000e+00 6.367215774439876075e-01 2.164372683912685891e-01 3.528562991364280421e+00 6.211555834616961924e+00 8.132702392002724423e+01 
1.260624129452301012e-01 3.000000000000000000e+00 6.091554295858051526e-01 2.180226338434353983e-01 3.599798653807153137e+00 7.087893899801463249e+01 8.132702392002724423e+01 
1.100687130954291007e-02 3.000000000000000000e+00 6.091454637599621469e-01 2.318331194764498282e-01 3.596602556113137616e+00 2.777702025540596420e+00 9.678069683143137070e+01 
8.576147905996041321e-03 3.000000000000000000e+00 6.367215774439876075e-01 2.465114347025864627e-01 3.528562991364280421e+00 1.459912523033358944e+01 8.132702392002724423e+01 
4.005095888645129019e-03 4.000000000000000000e+00 6.081818020983248418e-01 2.440896361463456010e-01 4.526730249696576003e+00 6.234053773129722309e+00 7.988844668740340182e+01 
1.065796881630265598e-02 3.000000000000000000e+00 6.096677490904341967e-01 2.157333291907547190e-01 3.525368929621349956e+00 1.672482915259115188e+00 8.132702392002724423e+01 
1.087359625641275661e-02 5.000000000000000000e+00 6.369616873214543062e-01 2.455620591287472898e-01 5.691996854924136429e+00 1.356209925274583838e+00 8.132702392002724423e+01 
1.100687130954291007e-02 3.000000000000000000e+00 6.094055052891148572e-01 2.157077511724354857e-01 3.119580019170846263e+00 9.804548961407416385e+00 8.132702392002724423e+01 
5.529238539031385187e-03 3.000000000000000000e+00 6.402343475358270863e-01 2.544243546063574835e-01 3.627047025586739970e+00 6.211784162815048305e+00 8.132702392002724423e+01 
9.156578611809217116e-02 3.000000000000000000e+00 6.413400155259924018e-01 2.311036022576167248e-01 3.586221402982695317e+00 7.285010313696611561e-01 8.132702392002724423e+01 
5.403092757044496500e-03 3.000000000000000000e+00 6.364493678168251511e-01 2.478513637814279691e-01 3.599798653807153137e+00 6.214346335457708648e+00 8.132702392002724423e+01 
1.100687130954291007e-02 3.000000000000000000e+00 6.393739529998638815e-01 2.164372683912685891e-01 3.599798653807153137e+00 7.296842235690886014e+01 8.132702392002724423e+01 
5.328925833135165872e-03 3.000000000000000000e+00 6.081818020983248418e-01 2.477352243687974409e-01 3.576354024724678116e+00 6.216272160936109792e+00 7.988224914772591490e+01 
5.027239614627791557e-03 3.000000000000000000e+00 6.091554295858051526e-01 1.978996907202936195e-01 3.599798653807153137e+00 6.234053773129722309e+00 8.132702392002724423e+01 
3.492905468716591289e-03 4.000000000000000000e+00 6.402310811558766801e-01 2.697867137638703117e-01 4.925755625001150051e+00 6.232770174538928565e+00 8.132702392002724423e+01 
5.469266497983091800e-03 3.000000000000000000e+00 6.401218022486463433e-01 2.516192890473881172e-01 3.525363591634607552e+00 6.211555834616961924e+00 8.132702392002724423e+01 
1.073292732786951253e-02 4.000000000000000000e+00 6.099037521060772793e-01 2.697867137638703117e-01 4.925755625001150051e+00 1.124451140917809511e+01 8.132702392002724423e+01 
3.329622294491614218e-03 4.000000000000000000e+00 6.364493678168251511e-01 2.442057755589761292e-01 4.550174966766713069e+00 6.232127947651322053e+00 8.133322145970471695e+01 
6.062826005490001141e-03 3.000000000000000000e+00 6.091554295858051526e-01 2.164372683912685891e-01 3.599798653807153137e+00 6.948802109218372891e+01 8.476728670241907082e+01 
5.380960054488947812e-03 3.000000000000000000e+00 6.401255419000864144e-01 2.472589903588255922e-01 3.627047025586739970e+00 6.287960273696973523e+00 8.183391982893618888e+01 
3.483998274026108965e-03 4.000000000000000000e+00 6.367260533563867675e-01 2.696751479859588185e-01 4.519546581166237864e+00 6.234053773129722309e+00 7.988844668740340182e+01 
5.328730591557600919e-03 3.000000000000000000e+00 6.081679283060067442e-01 2.477352243687974409e-01 3.601457016971403302e+00 6.397475810612530012e+00 7.988224914772591490e+01 
5.937486397619455403e+00 5.000000000000000000e+00 6.364493678168251511e-01 2.439658636253500823e-01 5.120767120846453579e+00 6.232174782539175339e+00 8.133322145970471695e+01 
4.244574568647110802e+00 4.000000000000000000e+00 6.401262781610456143e-01 2.696751479859588185e-01 4.516347015238497242e+00 1.271751233117914737e+01 7.988844668740340182e+01 
1.053270716563957723e-02 4.000000000000000000e+00 6.401262781610456143e-01 2.700772219345802805e-01 4.824079939283229201e+00 5.298365700265916800e+00 7.988844668740340182e+01 
3.356296068374081502e-03 4.000000000000000000e+00 6.051775311487407327e-01 2.441923404691354604e-01 4.550174966766713069e+00 6.232526226712133521e+00 8.133322145970471695e+01 
1.107744414869810991e-02 3.000000000000000000e+00 6.091693033781232502e-01 2.164372683912685891e-01 3.574695661560428395e+00 6.718979438241511559e+01 8.132702392002724423e+01 
1.024302731719672899e-02 4.000000000000000000e+00 6.462814210306490059e-01 3.115664007208210906e-01 4.824079939283229201e+00 5.800049242277886208e+00 6.863604673577033566e+01 
5.446105153316828547e-03 3.000000000000000000e+00 6.401262781610456143e-01 2.243037309632385234e-01 3.359330010999782790e+00 6.234053773129722309e+00 7.988844668740340182e+01 
5.119701621906961632e-03 3.000000000000000000e+00 6.091554295858051526e-01 2.164372683912685891e-01 3.416464737284519160e+00 6.234053773129722309e+00 8.132702392002724423e+01 
3.491807090872258486e-03 4.000000000000000000e+00 6.081818020983248418e-01 2.694179819962715383e-01 4.022282164190166931e+00 6.215873881875298324e+00 7.988224914772591490e+01 
9.431351308391624014e-03 3.000000000000000000e+00 5.902566768057702085e-01 1.978996907202936195e-01 3.634893431997390678e+00 7.488766816816959881e+00 9.026949923077933136e+01 
5.119701621906961632e-03 3.000000000000000000e+00 6.091554295858051526e-01 2.164372683912685891e-01 3.599798653807153137e+00 6.741351432156580614e+00 8.132702392002724423e+01 
5.207039374997932124e-03 3.000000000000000000e+00 6.091976522077707790e-01 1.233280350498333067e-01 3.605409842403188403e+00 6.238578550081776086e+00 8.169591179022721406e+01 
3.471400059549397676e-01 3.000000000000000000e+00 6.091554295858051526e-01 2.002229911787529737e-01 3.600111825909659391e+00 3.738707830939758558e+00 8.372417718045298329e+01 
1.254621166006816557e-01 6.000000000000000000e+00 6.094760754051914420e-01 2.145596999363717228e-01 6.722479955675398244e+00 6.936274615833653456e+01 7.988321418576130384e+01 
5.584827120633653781e-03 4.000000000000000000e+00 6.051490215054237121e-01 2.441923404691354604e-01 4.515080217804177565e+00 6.233953669652949614e+00 8.133343827526326208e+01 
5.175138488643492990e-03 3.000000000000000000e+00 6.091554295858051526e-01 2.164372683912685891e-01 3.599798653807153137e+00 6.903620361233242875e+01 8.132702392002724423e+01 
5.328306855186586144e-03 3.000000000000000000e+00 6.081257056840411179e-01 2.477352243687974409e-01 3.412511911852746493e+00 6.392951033660477123e+00 7.995807050164076202e+01 
7.338435249816198033e-03 4.000000000000000000e+00 6.035616486985383444e-01 2.673518475274995754e-01 4.519233431797264444e+00 6.234053773129722309e+00 8.566473777775324550e+01 
1.098378520050788572e-02 3.000000000000000000e+00 6.398056323416593250e-01 2.715527164408557126e-01 3.599798653807153137e+00 3.306105419486193853e+00 8.133225642166932801e+01 
3.376099784600119710e-03 4.000000000000000000e+00 6.056045514493989534e-01 2.442057755589761292e-01 4.550174966766713069e+00 6.232127947651322053e+00 8.133322145970471695e+01 
1.490630730253642879e-02 3.000000000000000000e+00 6.091554295858051526e-01 2.164372683912685891e-01 3.599798653807153137e+00 6.234053773129722309e+00 6.115587037416370464e+01 
3.489549243628654353e-03 4.000000000000000000e+00 6.401262781610456143e-01 2.696751479859588185e-01 4.834355586105509417e+00 6.234221930641583143e+00 6.770868203682054798e+01 
1.983174402086604893e-01 1.100000000000000000e+01 6.091554295858051526e-01 2.436389666160575229e-01 1.159858590675718837e+01 4.410571205254471217e+00 8.132692429080266550e+01 
3.836049257674493517e-03 4.000000000000000000e+00 6.091554295858051526e-01 1.954305138014535981e-01 4.522238234544591506e+00 6.234053773129722309e+00 8.132702392002724423e+01 
1.093114808704364650e-02 3.000000000000000000e+00 6.360223475161669304e-01 2.441923404691354604e-01 3.173876594874712964e+00 7.605764740513045297e+00 8.133322145970471695e+01 
5.191937114331864923e-03 3.000000000000000000e+00 6.091554295858051526e-01 2.216149583398815959e-01 3.599798653807153137e+00 6.948802109218372891e+01 8.132702392002724423e+01 
3.329622294491614218e-03 4.000000000000000000e+00 6.364493678168251511e-01 2.442057755589761292e-01 4.539899319944431966e+00 6.231959790139461219e+00 8.136114383029806163e+01 
1.100687130959140253e-02 4.000000000000000000e+00 6.051775311487407327e-01 2.169906422443465266e-01 4.283707712774321053e+00 9.167919027118424324e+00 8.133332108892930989e+01 
5.041043223840958182e-03 3.000000000000000000e+00 7.306241026250748227e-01 2.611591175727395187e-01 3.461875095956888693e+00 6.234053773129722309e+00 7.988844668740340182e+01 
1.081755510945494117e-02 4.000000000000000000e+00 6.369616873214543062e-01 2.697867137638703117e-01 4.925755625001150051e+00 1.652763552852909434e+00 8.132702392002724423e+01 
8.730903085753469184e-02 3.700000000000000000e+01 9.127555772777217191e-01 6.066357757671798634e-01 3.728633836624792508e+01 5.436249914654228377e+01 9.350724237877682299e+01 
3.392986254976000371e-01 4.300000000000000000e+01 8.158535541215321540e-01 2.738500170148094881e-03 4.329800099961575910e+01 3.358557530546435466e+00 7.296554464299440212e+01 
7.005254272274914762e-02 2.800000000000000000e+01 1.756556206025590150e-01 8.631789223498865793e-01 2.844867735170731038e+01 2.997118905373847753e+01 4.226872211976584737e+01 
1.404792569900106813e-02 3.400000000000000000e+01 2.831967114546296571e-02 1.242832764995639439e-01 3.451934749060062302e+01 6.471895115742501048e+01 6.153851114812538725e+01 
9.905917601821780105e-03 4.900000000000000000e+01 3.836775542618834356e-01 9.972099357892110216e-01 4.909926092248281293e+01 6.855419844806947083e+01 6.504592762678163353e+01 
1.047352416154473560e-02 9.000000000000000000e+00 6.884467305709400797e-01 3.889214239791037864e-01 9.349535736053326218e+00 7.214883401940817009e+01 5.253543224757258656e+01 
1.288848878727852920e-01 4.400000000000000000e+01 3.102418755589556598e-01 4.858353588317890770e-01 4.480592821440301066e+01 9.340435159562497347e+01 3.577951967090702112e+01 
1.684501265887321242e-02 3.000000000000000000e+01 5.715298307297609348e-01 3.218693910759421462e-01 3.093210141938574864e+01 3.379112255071332527e+01 3.916190005281612230e+01 
8.555923994161653001e-02 3.200000000000000000e+01 8.902743520047923242e-01 2.271575935333797203e-01 3.228979580024399354e+01 8.401534358238482270e+00 8.326441476533977948e+01 
1.152717258650123172e-02 3.700000000000000000e+01 9.127555772777217191e-01 8.527459868901642315e-01 3.728633836624792508e+01 2.754305534885825324e+01 9.586769583440822373e+01 
1.099070316845429489e-02 1.100000000000000000e+01 8.235507093948734036e-01 3.889214239791037864e-01 1.110974989685311343e+01 6.447071611112623657e+01 5.253543224757258656e+01 
4.230142054622809678e-01 4.900000000000000000e+01 6.880581968555579131e-01 9.972099357892110216e-01 4.909926092248281293e+01 6.863824611115623497e+01 6.504592762678163353e+01 
1.076777859638183843e-02 4.000000000000000000e+00 6.369616873214543062e-01 2.471474245809140990e-01 4.288748102828794373e+00 1.652763552852909434e+00 8.132702392002724423e+01 
3.426271885567718639e-02 3.200000000000000000e+01 8.902743520047923242e-01 9.023421812022476285e-01 3.228979580024399354e+01 8.401534358238482270e+00 8.326441476533977948e+01 
4.935949144938731742e-02 2.800000000000000000e+01 1.756556206025590150e-01 6.159952860004326292e-01 2.844867735170731038e+01 5.679063289010629489e+01 3.972690591619691958e+01 
1.509423070221393819e-02 3.400000000000000000e+01 2.831967114546296571e-02 1.242832764995639439e-01 3.451934749060062302e+01 7.239706906570695821e+01 6.153851114812538725e+01 
1.066113180668121739e-02 9.000000000000000000e+00 3.840660878987284255e-01 3.889214239791037864e-01 9.349535736053326218e+00 7.866885605959285499e+01 5.253543224757258656e+01 
1.981189489272418836e-01 3.500000000000000000e+01 2.934988277123729006e-02 1.242832764995639439e-01 3.540070055368880020e+01 6.471895115742501048e+01 6.153851114812538725e+01 
5.671071757961973492e-02 3.700000000000000000e+01 1.584103568944777995e-01 1.875828953667337817e-01 3.767372348737033860e+01 2.997118905373847753e+01 4.226872211976584737e+01 
8.676173854357803819e-03 4.000000000000000000e+00 5.715298307297609348e-01 3.218693910759421462e-01 4.036212464759135088e+00 3.441330190210695861e+01 3.916190005281612230e+01 
1.098914225495102592e-02 1.200000000000000000e+01 8.235087286765537806e-01 3.760246438282530690e-01 1.241799326658762403e+01 6.447071611112623657e+01 5.230208371736770800e+01 
1.854686982584444199e-01 9.000000000000000000e+00 6.798509404876018625e-01 3.889214239791037864e-01 9.349535736053326218e+00 7.704099701459114158e+01 5.253543224757258656e+01 
3.489695767035685958e-03 4.000000000000000000e+00 6.401222755201360082e-01 2.697867137638703117e-01 4.925755625001150051e+00 6.234053773129722309e+00 8.132702392002724423e+01 
1.072345367175455040e-02 1.000000000000000000e+01 6.884467305709400797e-01 9.997171329792493566e-01 1.056695872720754181e+01 7.214883401940817009e+01 5.142976882083622314e+01 
4.941318011747682787e-02 3.100000000000000000e+01 6.369616873214543062e-01 2.471474245809140990e-01 3.139606989835664308e+01 1.845302127701716088e+00 8.132702392002724423e+01 
1.631088924011425245e+00 3.500000000000000000e+01 9.127975579537535022e-01 8.656317570682279250e-01 3.597825214915638981e+01 2.754305534885825324e+01 9.604471687793113688e+01 
1.038005901142565433e-02 8.000000000000000000e+00 6.090038067669399924e-01 3.889214239791037864e-01 8.605588894837081781e+00 7.866885605959285499e+01 5.253543224757258656e+01 
1.076777847557225387e-02 3.000000000000000000e+00 6.369616873214543062e-01 2.471474245809140990e-01 3.525368929621349956e+00 1.652763552852909434e+00 8.132702392002724423e+01 
3.835750451604037770e-02 4.700000000000000000e+01 3.836775542618834356e-01 3.076455543003254189e-01 4.756223588426244930e+01 6.739818839847752940e+01 6.615159105351752089e+01 
1.100687130959140253e-02 4.000000000000000000e+00 3.772044720722988465e-01 3.218693910759421462e-01 4.036212464759135088e+00 6.891957205488805016e+01 3.916190005281612230e+01 
5.119701621906961632e-03 3.000000000000000000e+00 6.091554295858051526e-01 2.164372683912685891e-01 3.599798653807153137e+00 6.234053773129722309e+00 8.132702392002724423e+01 
1.076839056239860780e-02 4.000000000000000000e+00 6.369616873214543062e-01 2.473915689975450805e-01 4.288748102828794373e+00 1.652763552852909434e+00 8.132702392002724423e+01 
1.076805707426278791e-02 3.000000000000000000e+00 6.369576846805445891e-01 2.472589903588255922e-01 3.627047025586739970e+00 1.652763552852909434e+00 8.132702392002724423e+01 
2.710442267956681556e-02 3.000000000000000000e+00 5.715298307297609348e-01 3.413397474339099347e-01 3.576295474702037680e+00 7.086940705989039202e+01 3.867682510265001383e+01 
1.006598454532933382e-02 4.900000000000000000e+01 5.756578654820188046e-01 9.991132737120977936e-01 4.909926092248281293e+01 3.404792826198386990e+01 6.504592762678163353e+01 
1.081295681895358754e-02 4.000000000000000000e+00 6.369616873214543062e-01 2.674223505663870237e-01 4.851328420793218577e+00 1.652763552852909434e+00 8.132702392002724423e+01 
1.081708615266845259e-02 4.000000000000000000e+00 6.369616873214543062e-01 2.695425693472393025e-01 4.925755625001150051e+00 1.652763552852909434e+00 8.132702392002724423e+01 
3.489549243628654353e-03 4.000000000000000000e+00 6.401262781610456143e-01 2.696751479859588185e-01 4.824079939283229201e+00 6.234053773129722309e+00 7.988844668740340182e+01 
1.105267066218665502e-02 1.100000000000000000e+01 6.884467305709400797e-01 9.669551639321027903e-01 1.105008925519063823e+01 3.569272861998931035e+01 5.191484377100233871e+01 
5.382404204391603823e-03 3.000000000000000000e+00 6.402343475358270863e-01 2.472589903588255922e-01 3.627047025586739970e+00 6.286676675106178891e+00 8.132702392002724423e+01 
1.100687130954291007e-02 3.000000000000000000e+00 5.715298307297609348e-01 3.413397474339099347e-01 3.576295474702037680e+00 1.642143208701874002e+01 3.781817778194240987e+01 
3.489549243628654353e-03 4.000000000000000000e+00 6.401262781610456143e-01 2.696751479859588185e-01 4.516347015238497242e+00 6.234053773129722309e+00 7.988844668740340182e+01 
3.629016450280551642e-01 4.800000000000000000e+01 3.836775542618834356e-01 9.982839453741522151e-01 4.848919123323142344e+01 6.942057327101521480e+01 4.035075056959190221e+01 
1.081752261739831432e-02 4.000000000000000000e+00 6.368456126648535109e-01 2.697867137638703117e-01 4.925755625001150051e+00 1.600163736862860286e+00 8.132702392002724423e+01 
5.175138488643492990e-03 3.000000000000000000e+00 6.091554295858051526e-01 2.164372683912685891e-01 3.599798653807153137e+00 6.948802109218372891e+01 8.132702392002724423e+01 
1.085052155551225264e-02 5.000000000000000000e+00 6.401262781610456143e-01 2.884452873614961055e-01 5.681139740992882992e+00 1.783870292779178079e+00 8.072842538549423352e+01 
3.801218859621263713e-02 4.000000000000000000e+00 5.715298307297609348e-01 3.061528218612716845e-01 4.602946301091154879e+00 3.771643479903921303e+01 6.504744652213238965e+01 
1.071167460755781224e-02 3.000000000000000000e+00 6.093955394632717404e-01 2.311036022576167248e-01 3.596604592064222672e+00 1.675273401446892407e+00 8.132702392002724423e+01 
5.356986438345981254e-03 3.000000000000000000e+00 6.367215774439876075e-01 2.164372683912685891e-01 3.528562991364280421e+00 6.211555834616961924e+00 8.132702392002724423e+01 
1.260624129452301012e-01 3.000000000000000000e+00 6.091554295858051526e-01 2.180226338434353983e-01 3.599798653807153137e+00 7.087893899801463249e+01 8.132702392002724423e+01 
1.100687130954291007e-02 3.000000000000000000e+00 6.091454637599621469e-01 2.318331194764498282e-01 3.596602556113137616e+00 2.777702025540596420e+00 9.678069683143137070e+01 
8.576147905996041321e-03 3.000000000000000000e+00 6.367215774439876075e-01 2.465114347025864627e-01 3.528562991364280421e+00 1.459912523033358944e+01 8.132702392002724423e+01 
4.005095888645129019e-03 4.000000000000000000e+00 6.081818020983248418e-01 2.440896361463456010e-01 4.526730249696576003e+00 6.234053773129722309e+00 7.988844668740340182e+01 
1.065796881630265598e-02 3.000000000000000000e+00 6.096677490904341967e-01 2.157333291907547190e-01 3.525368929621349956e+00 1.672482915259115188e+00 8.132702392002724423e+01 
1.087359625641275661e-02 5.000000000000000000e+00 6.369616873214543062e-01 2.455620591287472898e-01 5.691996854924136429e+00 1.356209925274583838e+00 8.132702392002724423e+01 
1.100687130954291007e-02 3.000000000000000000e+00 6.094055052891148572e-01 2.157077511724354857e-01 3.119580019170846263e+00 9.804548961407416385e+00 8.132702392002724423e+01 
5.529238539031385187e-03 3.000000000000000000e+00 6.402343475358270863e-01 2.544243546063574835e-01 3.627047025586739970e+00 6.211784162815048305e+00 8.132702392002724423e+01 
9.156578611809217116e-02 3.000000000000000000e+00 6.413400155259924018e-01 2.311036022576167248e-01 3.586221402982695317e+00 7.285010313696611561e-01 8.132702392002724423e+01 
5.403092757044496500e-03 3.000000000000000000e+00 6.364493678168251511e-01 2.478513637814279691e-01 3.599798653807153137e+00 6.214346335457708648e+00 8.132702392002724423e+01 
1.100687130954291007e-02 3.000000000000000000e+00 6.393739529998638815e-01 2.164372683912685891e-01 3.599798653807153137e+00 7.296842235690886014e+01 8.132702392002724423e+01 
5.328925833135165872e-03 3.000000000000000000e+00 6.081818020983248418e-01 2.477352243687974409e-01 3.576354024724678116e+00 6.216272160936109792e+00 7.988224914772591490e+01 
5.027239614627791557e-03 3.000000000000000000e+00 6.091554295858051526e-01 1.978996907202936195e-01 3.599798653807153137e+00 6.234053773129722309e+00 8.132702392002724423e+01 
3.492905468716591289e-03 4.000000000000000000e+00 6.402310811558766801e-01 2.697867137638703117e-01 4.925755625001150051e+00 6.232770174538928565e+00 8.132702392002724423e+01 
5.469266497983091800e-03 3.000000000000000000e+00 6.401218022486463433e-01 2.516192890473881172e-01 3.525363591634607552e+00 6.211555834616961924e+00 8.132702392002724423e+01 
1.073292732786951253e-02 4.000000000000000000e+00 6.099037521060772793e-01 2.697867137638703117e-01 4.925755625001150051e+00 1.124451140917809511e+01 8.132702392002724423e+01 
3.329622294491614218e-03 4.000000000000000000e+00 6.364493678168251511e-01 2.442057755589761292e-01 4.550174966766713069e+00 6.232127947651322053e+00 8.133322145970471695e+01 
6.062826005490001141e-03 3.000000000000000000e+00 6.091554295858051526e-01 2.164372683912685891e-01 3.599798653807153137e+00 6.948802109218372891e+01 8.476728670241907082e+01 
5.380960054488947812e-03 3.000000000000000000e+00 6.401255419000864144e-01 2.472589903588255922e-01 3.627047025586739970e+00 6.287960273696973523e+00 8.183391982893618888e+01 
3.483998274026108965e-03 4.000000000000000000e+00 6.367260533563867675e-01 2.696751479859588185e-01 4.519546581166237864e+00 6.234053773129722309e+00 7.988844668740340182e+01 
5.328730591557600919e-03 3.000000000000000000e+00 6.081679283060067442e-01 2.477352243687974409e-01 3.601457016971403302e+00 6.397475810612530012e+00 7.988224914772591490e+01 
5.937486397619455403e+00 5.000000000000000000e+00 6.364493678168251511e-01 2.439658636253500823e-01 5.120767120846453579e+00 6.232174782539175339e+00 8.133322145970471695e+01 
4.244574568647110802e+00 4.000000000000000000e+00 6.401262781610456143e-01 2.696751479859588185e-01 4.516347015238497242e+00 1.271751233117914737e+01 7.988844668740340182e+01 
1.053270716563957723e-02 4.000000000000000000e+00 6.401262781610456143e-01 2.700772219345802805e-01 4.824079939283229201e+00 5.298365700265916800e+00 7.988844668740340182e+01 
3.356296068374081502e-03 4.000000000000000000e+00 6.051775311487407327e-01 2.441923404691354604e-01 4.550174966766713069e+00 6.232526226712133521e+00 8.133322145970471695e+01 
1.107744414869810991e-02 3.000000000000000000e+00 6.091693033781232502e-01 2.164372683912685891e-01 3.574695661560428395e+00 6.718979438241511559e+01 8.132702392002724423e+01 
1.024302731719672899e-02 4.000000000000000000e+00 6.462814210306490059e-01 3.115664007208210906e-01 4.824079939283229201e+00 5.800049242277886208e+00 6.863604673577033566e+01 
5.446105153316828547e-03 3.000000000000000000e+00 6.401262781610456143e-01 2.243037309632385234e-01 3.359330010999782790e+00 6.234053773129722309e+00 7.988844668740340182e+01 
5.119701621906961632e-03 3.000000000000000000e+00 6.091554295858051526e-01 2.164372683912685891e-01 3.416464737284519160e+00 6.234053773129722309e+00 8.132702392002724423e+01 
3.491807090872258486e-03 4.000000000000000000e+00 6.081818020983248418e-01 2.694179819962715383e-01 4.022282164190166931e+00 6.215873881875298324e+00 7.988224914772591490e+01 
9.431351308391624014e-03 3.000000000000000000e+00 5.902566768057702085e-01 1.978996907202936195e-01 3.634893431997390678e+00 7.488766816816959881e+00 9.026949923077933136e+01 
5.119701621906961632e-03 3.000000000000000000e+00 6.091554295858051526e-01 2.164372683912685891e-01 3.599798653807153137e+00 6.741351432156580614e+00 8.132702392002724423e+01 
5.207039374997932124e-03 3.000000000000000000e+00 6.091976522077707790e-01 1.233280350498333067e-01 3.605409842403188403e+00 6.238578550081776086e+00 8.169591179022721406e+01 
3.471400059549397676e-01 3.000000000000000000e+00 6.091554295858051526e-01 2.002229911787529737e-01 3.600111825909659391e+00 3.738707830939758558e+00 8.372417718045298329e+01 
1.254621166006816557e-01 6.000000000000000000e+00 6.094760754051914420e-01 2.145596999363717228e-01 6.722479955675398244e+00 6.936274615833653456e+01 7.988321418576130384e+01 
5.584827120633653781e-03 4.000000000000000000e+00 6.051490215054237121e-01 2.441923404691354604e-01 4.515080217804177565e+00 6.233953669652949614e+00 8.133343827526326208e+01 
5.175138488643492990e-03 3.000000000000000000e+00 6.091554295858051526e-01 2.164372683912685891e-01 3.599798653807153137e+00 6.903620361233242875e+01 8.132702392002724423e+01 
5.328306855186586144e-03 3.000000000000000000e+00 6.081257056840411179e-01 2.477352243687974409e-01 3.412511911852746493e+00 6.392951033660477123e+00 7.995807050164076202e+01 
7.338435249816198033e-03 4.000000000000000000e+00 6.035616486985383444e-01 2.673518475274995754e-01 4.519233431797264444e+00 6.234053773129722309e+00 8.566473777775324550e+01 
1.098378520050788572e-02 3.000000000000000000e+00 6.398056323416593250e-01 2.715527164408557126e-01 3.599798653807153137e+00 3.306105419486193853e+00 8.133225642166932801e+01 
3.376099784600119710e-03 4.000000000000000000e+00 6.056045514493989534e-01 2.442057755589761292e-01 4.550174966766713069e+00 6.232127947651322053e+00 8.133322145970471695e+01 
1.490630730253642879e-02 3.000000000000000000e+00 6.091554295858051526e-01 2.164372683912685891e-01 3.599798653807153137e+00 6.234053773129722309e+00 6.115587037416370464e+01 
3.489549243628654353e-03 4.000000000000000000e+00 6.401262781610456143e-01 2.696751479859588185e-01 4.834355586105509417e+00 6.234221930641583143e+00 6.770868203682054798e+01 
1.983174402086604893e-01 1.100000000000000000e+01 6.091554295858051526e-01 2.436389666160575229e-01 1.159858590675718837e+01 4.410571205254471217e+00 8.132692429080266550e+01 
3.836049257674493517e-03 4.000000000000000000e+00 6.091554295858051526e-01 1.954305138014535981e-01 4.522238234544591506e+00 6.234053773129722309e+00 8.132702392002724423e+01 
1.093114808704364650e-02 3.000000000000000000e+00 6.360223475161669304e-01 2.441923404691354604e-01 3.173876594874712964e+00 7.605764740513045297e+00 8.133322145970471695e+01 
5.191937114331864923e-03 3.000000000000000000e+00 6.091554295858051526e-01 2.216149583398815959e-01 3.599798653807153137e+00 6.948802109218372891e+01 8.132702392002724423e+01 
3.329622294491614218e-03 4.000000000000000000e+00 6.364493678168251511e-01 2.442057755589761292e-01 4.539899319944431966e+00 6.231959790139461219e+00 8.136114383029806163e+01 
1.100687130959140253e-02 4.000000000000000000e+00 6.051775311487407327e-01 2.169906422443465266e-01 4.283707712774321053e+00 9.167919027118424324e+00 8.133332108892930989e+01 
5.041043223840958182e-03 3.000000000000000000e+00 7.306241026250748227e-01 2.611591175727395187e-01 3.461875095956888693e+00 6.234053773129722309e+00 7.988844668740340182e+01 
