2.469999999999999973e-01 8.000000000000000000e+00 8.165502745803593365e-01 9.504636963259353033e-01 8.919661410542419233e+00 9.486494471372438397e+01 3.118314520104854637e+01 
2.359999999999999876e-01 2.100000000000000000e+01 6.926570285616058253e-01 8.277025938204417566e-01 2.164155854571973947e+01 5.495936876730594634e+01 2.755911324306836718e+00 
2.359999999999999876e-01 1.700000000000000000e+01 1.154918352144729266e+00 5.381433132192782187e-01 1.782712239195642212e+01 7.884287034284042761e+01 3.031948292916449716e+01 
2.359999999999999876e-01 2.100000000000000000e+01 7.348970452729119973e-01 1.340416972471647483e-01 2.134942334946220299e+01 2.034552406761496002e+01 2.623133404418495118e+01 
1.000000000000000000e+00 2.500000000000000000e+01 1.150510541682073562e+00 2.804087579860399249e-01 2.528916677271848101e+01 9.807371998012386882e+01 9.616571936637868134e+01 
2.359999999999999876e-01 1.500000000000000000e+01 1.114705917082947195e+00 5.412268555474342158e-01 1.529077779417779936e+01 1.606520087751268733e+01 9.699254132161325970e+01 
1.000000000000000000e+00 3.100000000000000000e+01 8.224960197670301287e-01 1.158656124707703183e-01 3.192750826580002155e+01 7.766831143422979267e+01 6.130033010530404880e+01 
2.359999999999999876e-01 2.700000000000000000e+01 1.384216786707263669e+00 3.959287666420285845e-02 2.737228463648104082e+01 4.593358828854037057e+01 6.234957914987560024e+00 
2.359999999999999876e-01 3.000000000000000000e+01 9.978594367951248989e-01 8.526328384806567406e-01 3.046116886900563259e+01 2.600974477372232130e+01 8.398815210314087665e+01 
1.000000000000000000e+00 3.800000000000000000e+01 8.132942341301130362e-01 5.108888844665330220e-01 3.814544996970453639e+01 1.479220357849565559e+01 8.196267191192769985e+01 
2.359999999999999876e-01 1.500000000000000000e+01 9.454317234786542290e-01 5.381433132192782187e-01 1.524240838355672167e+01 7.884287034284042761e+01 3.031948292916449716e+01 
2.359999999999999876e-01 2.100000000000000000e+01 7.348970452729119973e-01 1.340416972471647483e-01 2.134942334946220299e+01 2.004802965468615739e+01 2.623133404418495118e+01 
2.359999999999999876e-01 2.100000000000000000e+01 1.112763279834226848e+00 8.277025938204417566e-01 2.191607615174379475e+01 5.495936876730594634e+01 9.701883358977454463e+01 
1.000000000000000000e+00 2.700000000000000000e+01 6.913383813005767875e-01 8.195373145171627183e-01 2.747723599538645090e+01 2.024638846449167673e+01 3.434104619402820191e+00 
2.359999999999999876e-01 3.000000000000000000e+01 9.699586922996873417e-01 8.457073493013989030e-01 3.020360207685887133e+01 7.585337001870247775e+01 3.031948292916449716e+01 
2.359999999999999876e-01 1.700000000000000000e+01 1.115046465758332328e+00 5.412268555474342158e-01 1.787549180257749981e+01 1.927929243972548079e+01 9.699254132161325970e+01 
2.359999999999999876e-01 2.700000000000000000e+01 1.376139180284460251e+00 3.959287666420285845e-02 2.737228463648104082e+01 4.623108288968277435e+01 6.234957914987560024e+00 
2.369999999999999885e-01 1.500000000000000000e+01 6.945996654184426466e-01 5.412268555474342158e-01 1.501626018815632335e+01 1.606520087751268733e+01 2.727231782764427237e+00 
1.000000000000000000e+00 2.100000000000000000e+01 7.362156925339410352e-01 1.422471246079562990e-01 2.164155854571973947e+01 5.505850694257418354e+01 2.556508250733580923e+01 
2.359999999999999876e-01 1.800000000000000000e+01 1.182819096638496603e+00 5.450686829624802332e-01 1.808468918443686846e+01 2.899919793574369109e+01 8.398815210314087665e+01 
2.359999999999999876e-01 1.800000000000000000e+01 1.182819096638496603e+00 4.430391540367152325e-01 1.810420309181289156e+01 2.899919793574369109e+01 9.673225209409760339e+01 
1.000000000000000000e+00 1.700000000000000000e+01 1.154918352144729266e+00 5.010020248897878448e-01 1.782712239195642212e+01 7.778099887481575081e+01 2.303824079242652090e+01 
3.149999999999999467e-01 5.000000000000000000e+00 1.152613277791486368e+00 5.412618004390501447e-01 5.082049318563480966e+00 7.884287034284042761e+01 3.547295377370710412e+01 
2.359999999999999876e-01 1.700000000000000000e+01 1.134245675075940207e+00 5.381433132192782187e-01 1.782712239195642212e+01 7.884287034284042761e+01 3.031948292916449716e+01 
2.359999999999999876e-01 1.800000000000000000e+01 1.182819096638496603e+00 8.511736851022418948e-01 1.896422923630315793e+01 2.063170748817912781e+01 3.160816580995287595e+01 
2.359999999999999876e-01 1.500000000000000000e+01 1.114705917082947195e+00 5.412268555474342158e-01 1.527126388680177804e+01 1.606520087751268733e+01 7.521086621046711684e+01 
2.359999999999999876e-01 1.500000000000000000e+01 5.775655393293481765e-01 5.382035236947463330e-01 1.501626018815632335e+01 1.712809625203342634e+01 4.087481624931996294e+00 
2.359999999999999876e-01 1.500000000000000000e+01 1.118256786525622326e+00 5.381083683276624008e-01 1.524204357270309096e+01 1.606520087751268733e+01 9.160379537116266135e+01 
2.369999999999999885e-01 1.500000000000000000e+01 6.545445921476382711e-01 5.412268555474342158e-01 1.501626018815632335e+01 1.606520087751268733e+01 2.727231782764427237e+00 
2.630000000000000115e-01 8.000000000000000000e+00 8.165502745803593365e-01 5.469860678859543857e-01 8.785211507133684705e+00 9.246051644047159357e+01 8.432918567833128520e+01 
2.359999999999999876e-01 1.500000000000000000e+01 8.165502745803593365e-01 5.667475683699856326e-01 1.535794847800057283e+01 9.176895538467573488e+01 8.432918567833128520e+01 
2.359999999999999876e-01 1.500000000000000000e+01 9.230579863705752341e-01 5.381433132192782187e-01 1.524240602445282811e+01 7.785514163415783173e+01 3.031948292916449716e+01 
2.369999999999999885e-01 5.000000000000000000e+00 1.117162237737774566e+00 5.690210708774895432e-01 5.082049318563480966e+00 7.884287034284042761e+01 3.547295377370710412e+01 
3.439999999999999725e-01 5.000000000000000000e+00 8.227786925964057918e-01 5.412618004390501447e-01 5.082049318563480966e+00 7.884287034284042761e+01 3.978967562115693823e+01 
1.000000000000000000e+00 1.800000000000000000e+01 1.117758414098744879e+00 5.414955141299527819e-01 1.849036080858366660e+01 1.538152089037637893e+01 3.151481842376437470e+01 
2.369999999999999885e-01 8.000000000000000000e+00 1.175292158965322686e+00 5.469774607222561702e-01 8.718040826031074886e+00 1.669438792841221897e+01 9.699254132161325970e+01 
2.359999999999999876e-01 1.800000000000000000e+01 1.140630523633216153e+00 5.381083683276624008e-01 1.854712017013314096e+01 1.705395599591768629e+01 9.692719529631993680e+01 
2.359999999999999876e-01 1.500000000000000000e+01 1.153707826579333906e+00 5.381151477111297821e-01 1.524204357270309096e+01 1.606520087751268733e+01 9.160379537116266135e+01 
2.690000000000000169e-01 8.000000000000000000e+00 1.251553471933383399e+00 8.756314453924159968e-01 8.919661410542419233e+00 9.486494471372438397e+01 3.125651708595089318e+01 
2.359999999999999876e-01 1.500000000000000000e+01 1.111673982935820870e+00 5.378746546367597636e-01 1.529077779417779936e+01 7.952852626014924908e+01 9.552888779503130934e+01 
2.359999999999999876e-01 1.500000000000000000e+01 1.111673982935820870e+00 6.304955775087979220e-01 1.529077779417779936e+01 7.957525456603366365e+01 3.225456361626955015e+01 
2.359999999999999876e-01 1.500000000000000000e+01 1.121345476010541464e+00 5.381083683276624008e-01 1.524203857258091688e+01 7.999767946626505477e+01 9.160379537116266135e+01 
2.359999999999999876e-01 1.500000000000000000e+01 1.121012203717739242e+00 5.382035236947463330e-01 1.524827757764527014e+01 1.712822470097371408e+01 4.087481624931996294e+00 
2.359999999999999876e-01 1.500000000000000000e+01 1.101697823607366011e+00 5.412268555474342158e-01 1.529077779417779936e+01 1.707549469793189800e+01 9.895157786125113830e+01 
2.359999999999999876e-01 1.500000000000000000e+01 1.111673982935820870e+00 5.378746546367597636e-01 1.529077779417779936e+01 7.882725078687420250e+01 9.552888779503130934e+01 
2.359999999999999876e-01 5.000000000000000000e+00 1.117162237737774566e+00 5.690210708774895432e-01 5.082049318563480966e+00 7.879614203695601304e+01 9.823204902175154984e+01 
2.359999999999999876e-01 1.500000000000000000e+01 9.423430339937224343e-01 5.381433132192782187e-01 1.524241338367889398e+01 1.491320749023621772e+01 3.031948292916449716e+01 
2.359999999999999876e-01 1.500000000000000000e+01 5.748101143262827062e-01 5.381083683276624008e-01 1.502056488195680828e+01 1.606507242857239603e+01 9.160379537116266135e+01 
2.359999999999999876e-01 1.500000000000000000e+01 5.905736281974003354e-01 4.222903645276434581e-01 1.501626018815632335e+01 9.255575613945929092e+00 1.492763223313993137e+00 
2.369999999999999885e-01 5.000000000000000000e+00 1.117162237737774566e+00 5.690210708774895432e-01 5.082049318563480966e+00 7.954414581611547419e+01 3.547295377370710412e+01 
2.359999999999999876e-01 1.500000000000000000e+01 1.183795014808725954e+00 5.690210708774895432e-01 1.536461969415892170e+01 7.954414581611547419e+01 3.547295377370710412e+01 
2.560000000000000053e-01 5.000000000000000000e+00 1.117345508323771330e+00 5.698602041593355816e-01 5.082049318563480966e+00 1.714875211819290612e+01 3.694531873871228100e+01 
2.359999999999999876e-01 5.000000000000000000e+00 1.068245779150472696e+00 6.119696325247591107e-01 5.082049318563480966e+00 7.956292117069052949e+01 9.823204902175154984e+01 
2.359999999999999876e-01 1.500000000000000000e+01 1.117162237737774566e+00 5.690210708774895432e-01 1.546205450712133711e+01 7.879614203695601304e+01 9.823204902175154984e+01 
2.359999999999999876e-01 1.500000000000000000e+01 1.121012203717739242e+00 4.173886165944517002e-01 1.524827757764527014e+01 1.683729413407538900e+01 4.195977004773340013e+00 
3.459999999999999742e-01 4.000000000000000000e+00 1.121012203717739242e+00 5.382035236947463330e-01 4.965862008376351611e+00 1.712822470097371408e+01 3.802756277037408594e+00 
2.359999999999999876e-01 1.500000000000000000e+01 1.114522646496950653e+00 6.263599575031765232e-01 1.529077779417779936e+01 7.776034231124423002e+01 9.530273447422865729e+01 
2.329999999999999849e-01 5.000000000000000000e+00 9.930978935300915911e-01 5.690210708774895432e-01 5.082049318563480966e+00 7.338773135825064742e+01 3.547295377370710412e+01 
7.269999999999999796e-01 4.000000000000000000e+00 1.114705917082947195e+00 5.412268555474342158e-01 4.910978281982578686e+00 1.606520087751268733e+01 9.699254132161325970e+01 
2.359999999999999876e-01 1.500000000000000000e+01 5.905736281974003354e-01 5.431052716279380910e-01 1.501626018815632335e+01 9.546506181294169835e+00 9.386805487723648866e+00 
6.879999999999999449e-01 5.000000000000000000e+00 1.114705917082947195e+00 5.256420831945004535e-01 5.090280638031013716e+00 1.397447204624350370e+01 9.699254132161325970e+01 
2.439999999999999947e-01 5.000000000000000000e+00 1.205077570541265741e+00 5.690210708774895432e-01 5.082049318563480966e+00 7.338773135825064742e+01 3.566571615729851885e+01 
4.479999999999999538e-01 5.000000000000000000e+00 5.905736281974003354e-01 5.670202463082545385e-01 5.387746143739486016e+00 1.064446689986156258e+01 9.386805487723648866e+00 
2.359999999999999876e-01 5.000000000000000000e+00 1.117162237737774566e+00 6.514899152114308478e-01 5.082049318563480966e+00 7.598227683546899414e+01 9.823204902175154984e+01 
2.369999999999999885e-01 5.000000000000000000e+00 1.117162237737774566e+00 5.689696298293632770e-01 5.082049318563480966e+00 7.884287034284042761e+01 3.547295377370710412e+01 
2.359999999999999876e-01 4.000000000000000000e+00 1.117162237737774566e+00 5.407587715373723958e-01 4.902746962515046825e+00 7.879614203695601304e+01 9.823204902175154984e+01 
2.359999999999999876e-01 5.000000000000000000e+00 1.122306263674234250e+00 5.458843633832410891e-01 5.082049318563480966e+00 7.956292117069052949e+01 9.823204902175154984e+01 
2.359999999999999876e-01 1.400000000000000000e+01 9.930978935300915911e-01 5.451060961971729846e-01 1.471062778996995313e+01 7.230441300578652886e+01 3.547295377370710412e+01 
5.389999999999999236e-01 4.000000000000000000e+00 1.121012203717739242e+00 5.404175669151909389e-01 4.965862008376351611e+00 1.994263331674126150e+01 3.802756277037408594e+00 
2.359999999999999876e-01 5.000000000000000000e+00 1.013389017788056901e+00 5.999175507418700315e-01 5.082049318563480966e+00 7.956292117069052949e+01 9.823204902175154984e+01 
3.159999999999999476e-01 5.000000000000000000e+00 1.013389017788056901e+00 5.999175507418700315e-01 5.082049318563480966e+00 7.956292117069052949e+01 9.783476465927040522e+01 
2.329999999999999849e-01 4.000000000000000000e+00 9.957044862312737221e-01 5.736906890411714866e-01 4.902746962515046825e+00 7.879614203695601304e+01 9.578552530936410392e+01 
3.319999999999999618e-01 5.000000000000000000e+00 1.117162237737774566e+00 6.569720564042051958e-01 5.082049318563480966e+00 7.598227683546899414e+01 3.493311459231868810e+01 
2.459999999999999964e-01 4.000000000000000000e+00 1.120997976247355421e+00 5.382035236947463330e-01 4.965862008376351611e+00 1.712822470097371408e+01 9.953763853407046724e+00 
4.000000000000000222e-01 5.000000000000000000e+00 1.121012203717739242e+00 5.382035236947463330e-01 5.254317543721807482e+00 1.712822470097371408e+01 3.699800159210703043e+00 
2.409999999999999920e-01 5.000000000000000000e+00 1.114555645036592324e+00 5.690210708774895432e-01 5.082049318563480966e+00 7.338773135825064742e+01 3.496742989182108374e+01 
5.270000000000000240e-01 5.000000000000000000e+00 9.930978935300915911e-01 5.635389296847150842e-01 5.082049318563480966e+00 7.216230503136962682e+01 9.819473309458706467e+01 
2.359999999999999876e-01 4.000000000000000000e+00 1.117176465208158387e+00 5.407587715373723958e-01 4.902746962515046825e+00 7.879614203695601304e+01 9.164989859381759629e+01 
5.389999999999999236e-01 4.000000000000000000e+00 1.121012203717739242e+00 5.404175669151909389e-01 4.965862008376351611e+00 1.972479878258504371e+01 3.802756277037408594e+00 
4.819999999999999840e-01 4.000000000000000000e+00 1.121012203717739242e+00 5.382035236947463330e-01 4.965862008376351611e+00 1.288462344053293052e+01 3.802756277037408594e+00 
2.359999999999999876e-01 5.000000000000000000e+00 9.958005180174380744e-01 5.933986594890713340e-01 5.082049318563480966e+00 7.956292117069052949e+01 9.823204902175154984e+01 
7.500000000000000000e-01 4.000000000000000000e+00 1.117176465208158387e+00 5.407587715373723958e-01 4.902746962515046825e+00 7.402986847435266782e+01 9.845885606894628950e+01 
2.359999999999999876e-01 5.000000000000000000e+00 1.117162237737774566e+00 4.201968680727293792e-01 5.082049318563480966e+00 1.750024487615595703e+01 9.823204902175154984e+01 
5.920000000000000817e-01 2.000000000000000000e+00 9.957044862312737221e-01 6.097109171861292420e-01 2.808059428297631221e+00 7.879614203695601304e+01 9.578552530936410392e+01 
2.359999999999999876e-01 5.000000000000000000e+00 1.120669962255064434e+00 5.690210708774895432e-01 5.082049318563480966e+00 7.339973844244184420e+01 3.241731626884051565e+01 
2.359999999999999876e-01 4.000000000000000000e+00 1.013292986001892659e+00 5.736906890411714866e-01 4.902746962515046825e+00 7.879614203695601304e+01 9.578552530936410392e+01 
2.429999999999999938e-01 4.000000000000000000e+00 1.117162237737774566e+00 5.407587715373723958e-01 4.902746962515046825e+00 8.182603360838609774e+01 9.142254661137232574e+01 
2.359999999999999876e-01 4.000000000000000000e+00 1.120997976247355421e+00 7.517494105582058772e-01 4.965862008376351611e+00 7.561078150728231151e+01 9.953763853407046724e+00 
2.309999999999999831e-01 4.000000000000000000e+00 9.405645456119968717e-01 5.390739323860043175e-01 4.902746962515046825e+00 7.878413495276481626e+01 9.926664515527309618e+01 
3.980000000000000204e-01 5.000000000000000000e+00 1.172611060721904019e+00 5.407587715373723958e-01 5.103984113342854734e+00 7.879614203695601304e+01 9.164989859381759629e+01 
2.359999999999999876e-01 5.000000000000000000e+00 1.116215334788364100e+00 5.685905304573340979e-01 5.068422215150389931e+00 7.919314327827758859e+01 8.936388261323162396e+01 
2.359999999999999876e-01 4.000000000000000000e+00 1.116100651794506016e+00 5.392682378160364998e-01 4.902746962515046825e+00 7.879614203695601304e+01 9.572712214745406811e+01 
2.369999999999999885e-01 4.000000000000000000e+00 9.237357008605430186e-01 5.390739323860043175e-01 4.902746962515046825e+00 7.878315224574704700e+01 9.561012620260322592e+01 
2.379999999999999893e-01 5.000000000000000000e+00 9.935514881127820441e-01 5.690210708774895432e-01 5.082049318563480966e+00 7.007808402529637704e+01 3.547295377370710412e+01 
2.359999999999999876e-01 4.000000000000000000e+00 9.405645456119968717e-01 5.390739323860043175e-01 4.902746962515046825e+00 8.047151877332878200e+01 9.926664515527309618e+01 
2.379999999999999893e-01 6.000000000000000000e+00 9.940590239498859892e-01 5.475309309551985582e-01 6.617740402432815472e+00 5.651971551986380859e+01 3.420991114580486681e+01 
2.359999999999999876e-01 4.000000000000000000e+00 9.967660721745421615e-01 5.751812227625072715e-01 4.902746962515046825e+00 7.879614203695601304e+01 9.412638153252922280e+01 
2.550000000000000044e-01 4.000000000000000000e+00 9.955803605661353028e-01 5.841117588186491849e-01 4.902746962515046825e+00 7.957976062749750668e+01 9.979622861199258921e+01 
2.359999999999999876e-01 5.000000000000000000e+00 1.120216367672373758e+00 5.690210708774895432e-01 5.082049318563480966e+00 7.339973844244184420e+01 3.241731626884051565e+01 
2.710000000000000187e-01 4.000000000000000000e+00 1.117162237737774566e+00 4.574896253818474534e-01 4.902746962515046825e+00 7.738713850412881357e+01 9.823204902175154984e+01 
2.369999999999999885e-01 3.000000000000000000e+00 1.012840950162298581e+00 5.736906890411714866e-01 3.130776179492430700e+00 7.879614203695601304e+01 9.440055264174061733e+01 
2.449999999999999956e-01 4.000000000000000000e+00 9.957044862312737221e-01 5.693836411532681163e-01 4.902746962515046825e+00 7.346492025376521440e+01 9.578552530936410392e+01 
2.359999999999999876e-01 4.000000000000000000e+00 9.405645456119968717e-01 6.170281012659949438e-01 4.902746962515046825e+00 7.879599043767565547e+01 9.576184823840520721e+01 
3.569999999999999840e-01 5.000000000000000000e+00 9.935499293696855583e-01 5.690210708774895432e-01 5.086346033115384913e+00 7.338773135825064742e+01 3.674326281293063090e+01 
2.359999999999999876e-01 2.000000000000000000e+00 9.967660721745421615e-01 5.751812227625072715e-01 2.714956893029635943e+00 7.879614203695601304e+01 9.412638153252922280e+01 
2.329999999999999849e-01 4.000000000000000000e+00 9.967660721745421615e-01 5.751812227625072715e-01 4.902746962515046825e+00 7.879614203695601304e+01 9.535592131333091004e+01 
2.359999999999999876e-01 5.000000000000000000e+00 8.515180734655207750e-01 5.818429309552367590e-01 5.728590254830599804e+00 7.871895314144144606e+01 3.637627881190115176e+01 
5.629999999999999449e-01 2.000000000000000000e+00 9.957044862312737221e-01 6.104878709196196462e-01 2.808059428297631221e+00 9.474383802699523471e+01 9.929002798712663491e+01 
2.359999999999999876e-01 4.000000000000000000e+00 1.069467911678670946e+00 5.736906890411714866e-01 4.902746962515046825e+00 7.879614203695601304e+01 9.892167895223505525e+01 
4.819999999999999840e-01 4.000000000000000000e+00 9.944242149941500131e-01 5.390739323860043175e-01 4.902746962515046825e+00 8.646315512180400731e+01 9.613033415284559169e+01 
2.359999999999999876e-01 2.000000000000000000e+00 9.967660721745421615e-01 5.774810736646557308e-01 2.805430799142167420e+00 7.879614203695601304e+01 9.897975201749976293e+01 
2.319999999999999840e-01 4.000000000000000000e+00 9.966083225417579072e-01 5.365160298243860648e-01 4.902746962515046825e+00 7.879614203695601304e+01 9.912690398149287319e+01 
2.520000000000000018e-01 5.000000000000000000e+00 9.930978935300915911e-01 5.754815128861365814e-01 5.082049318563480966e+00 7.346430651176351034e+01 3.419639384069230914e+01 
2.359999999999999876e-01 2.000000000000000000e+00 9.957044862312737221e-01 6.096818112467575768e-01 2.696811668330441059e+00 7.636618747248584782e+01 9.578552530936410392e+01 
7.590000000000000080e-01 2.000000000000000000e+00 9.957044862312737221e-01 6.081880200174710760e-01 2.717585522185099745e+00 9.182702016396643785e+01 9.443519381990738282e+01 
2.359999999999999876e-01 4.000000000000000000e+00 9.407222952447811259e-01 5.777391253241255242e-01 4.902746962515046825e+00 7.878413495276481626e+01 9.549531455388321888e+01 
5.920000000000000817e-01 2.000000000000000000e+00 9.967660721745421615e-01 5.687207807538601223e-01 2.714956893029635943e+00 7.871956688344315012e+01 9.525679747415546217e+01 
1.000000000000000000e+00 2.000000000000000000e+00 9.957044862312737221e-01 6.105169768589914225e-01 2.413877963668599413e+00 9.956321638288704889e+01 9.929002798712663491e+01 
2.329999999999999849e-01 4.000000000000000000e+00 9.957044862312737221e-01 5.736906890411714866e-01 4.209192315074782975e+00 7.879614203695601304e+01 9.578552530936410392e+01 
2.369999999999999885e-01 4.000000000000000000e+00 9.401672397511571244e-01 5.445161740156835295e-01 4.892533072032207997e+00 9.473268530092880724e+01 9.926479177580351632e+01 
2.419999999999999929e-01 5.000000000000000000e+00 9.957044862312737221e-01 5.736906890411714866e-01 5.079080149762558172e+00 7.879614203695601304e+01 9.566962581948834554e+01 
2.359999999999999876e-01 2.000000000000000000e+00 9.957044862312737221e-01 7.152580693463357342e-01 2.328684180806211756e+00 9.385614588129435276e+01 8.527899551831816893e+01 
2.319999999999999840e-01 4.000000000000000000e+00 9.966083225417579072e-01 5.368822604074351412e-01 4.902746962515046825e+00 7.879614203695601304e+01 9.912690398149287319e+01 
2.329999999999999849e-01 4.000000000000000000e+00 9.957044862312737221e-01 6.105772667825047906e-01 4.902746962515046825e+00 7.879614203695601304e+01 9.578552530936410392e+01 
2.359999999999999876e-01 2.000000000000000000e+00 9.304325499583473436e-01 5.774810736646557308e-01 2.803682086104581916e+00 7.879614203695601304e+01 9.899586276899528059e+01 
2.309999999999999831e-01 4.000000000000000000e+00 9.405645456119968717e-01 5.390739323860043175e-01 4.902746962515046825e+00 7.878413495276481626e+01 9.938158478684941599e+01 
7.449999999999999956e-01 2.000000000000000000e+00 9.516548395013261219e-01 6.104870185717183872e-01 2.692998302147438849e+00 7.725369308520143363e+01 9.929002798712663491e+01 
5.920000000000000817e-01 2.000000000000000000e+00 9.957044862312737221e-01 6.093446866030801656e-01 2.808059428297631221e+00 7.879614203695601304e+01 9.578552530936410392e+01 
2.359999999999999876e-01 2.000000000000000000e+00 9.957044862312737221e-01 5.727952335054243838e-01 2.696811668330441059e+00 7.636618747248584782e+01 9.578552530936410392e+01 
2.319999999999999840e-01 4.000000000000000000e+00 1.006898067828191801e+00 4.754835042363801945e-01 4.904499470042812170e+00 7.889787108875955823e+01 9.925053440377756431e+01 
2.359999999999999876e-01 2.000000000000000000e+00 9.928653822447254251e-01 5.386128693384342192e-01 2.637008033613656099e+00 7.654059334793905123e+01 9.561014907764142379e+01 
2.359999999999999876e-01 3.000000000000000000e+00 9.966083225417579072e-01 5.998632245144457364e-01 3.170604921652054209e+00 7.903583867564287857e+01 9.912690398149287319e+01 
2.359999999999999876e-01 2.000000000000000000e+00 9.927597778119875427e-01 5.752944884462649622e-01 2.895917782513045324e+00 7.879614203695601304e+01 9.412638153252922280e+01 
7.479999999999999982e-01 2.000000000000000000e+00 9.957060566279308800e-01 5.727952335054243838e-01 2.696811668330441059e+00 7.726881729357688755e+01 9.578552530936410392e+01 
2.359999999999999876e-01 2.000000000000000000e+00 9.339888088708658831e-01 5.776928498316830085e-01 2.919429942091755770e+00 7.879614203695601304e+01 9.899586276899528059e+01 
2.319999999999999840e-01 4.000000000000000000e+00 9.434036495985450577e-01 5.732562965529943710e-01 4.962603198912841407e+00 7.860972907731161285e+01 9.955275510789998350e+01 
1.000000000000000000e+00 5.000000000000000000e+00 9.857191569076163562e-01 5.323153195099689095e-01 5.898503987142092342e+00 9.385614588129435276e+01 8.527899551831816893e+01 
3.020000000000000462e-01 3.000000000000000000e+00 9.445708399745514905e-01 5.453393309477584383e-01 3.794266068190888852e+00 7.878413495276481626e+01 9.938158478684941599e+01 
2.359999999999999876e-01 2.000000000000000000e+00 9.967645017778848926e-01 5.751812227625072715e-01 2.714956893029635943e+00 7.879614203695601304e+01 9.412638153252922280e+01 
2.319999999999999840e-01 4.000000000000000000e+00 9.930520636292394787e-01 5.363042536573586760e-01 4.787002374154076811e+00 7.879614203695601304e+01 9.912690398149287319e+01 
2.359999999999999876e-01 2.000000000000000000e+00 9.966262215289070081e-01 7.152580693463357342e-01 2.328684180806211756e+00 9.385614588129435276e+01 9.377055496519356836e+01 
2.329999999999999849e-01 4.000000000000000000e+00 9.957605109347212879e-01 5.751812227625072715e-01 4.752266709480728935e+00 7.879587020963317912e+01 9.923776639550310108e+01 
2.359999999999999876e-01 5.000000000000000000e+00 9.383057348992657198e-01 5.390739323860043175e-01 5.057858497733709768e+00 7.878413495276481626e+01 9.805790052164523729e+01 
2.339999999999999858e-01 6.000000000000000000e+00 8.918371438349542712e-01 5.750871351199537962e-01 6.984071532156366224e+00 7.879631608466296200e+01 9.938158478684941599e+01 
3.900000000000000133e-01 3.000000000000000000e+00 9.957044862312737221e-01 6.110781204702714353e-01 3.122313965234369881e+00 7.883840406468037543e+01 9.578552530936410392e+01 
7.680000000000000160e-01 3.000000000000000000e+00 1.104066376981192699e+00 5.751812227625072715e-01 3.691659305051349982e+00 7.210058425176673325e+01 8.784040791315504748e+01 
2.359999999999999876e-01 2.000000000000000000e+00 9.415701068518177452e-01 5.390739323860043175e-01 2.865446581183717534e+00 7.878440678008765019e+01 9.415382245429408670e+01 
5.789999999999999591e-01 2.000000000000000000e+00 9.979632969440047630e-01 7.152580693463357342e-01 2.186049174599608236e+00 9.385614588129435276e+01 8.655250211355163970e+01 
2.359999999999999876e-01 2.000000000000000000e+00 1.182372063387495453e+00 5.391680200285577929e-01 2.050111749995822130e+00 7.878396090505786731e+01 9.412638153252922280e+01 
2.339999999999999858e-01 4.000000000000000000e+00 7.972980077616755867e-01 5.349582709601903296e-01 4.902746962515046825e+00 7.631191836057028866e+01 9.926664515527309618e+01 
7.560000000000000053e-01 2.000000000000000000e+00 1.182372063387495453e+00 5.391680200285577929e-01 2.576501147783887724e+00 8.001357102282561584e+01 9.412638153252922280e+01 
2.359999999999999876e-01 2.000000000000000000e+00 9.955806261729714945e-01 7.002410807446595165e-01 2.328684180806211756e+00 9.385614588129435276e+01 8.513851158683513631e+01 
6.410000000000000142e-01 2.000000000000000000e+00 9.956742549358992278e-01 7.152580693463357342e-01 2.349210195172401594e+00 7.758814378213907048e+01 8.527899551831816893e+01 
2.790000000000000258e-01 2.000000000000000000e+00 9.927597778119875427e-01 5.752944884462649622e-01 2.895917782513045324e+00 7.879618207480868364e+01 9.696500689547234231e+01 
2.359999999999999876e-01 2.000000000000000000e+00 9.967660721745421615e-01 5.714836631758885011e-01 2.714956893029635943e+00 7.879614203695601304e+01 9.412638153252922280e+01 
2.359999999999999876e-01 2.000000000000000000e+00 9.967500815872091247e-01 7.152580693463357342e-01 2.328684180806211756e+00 9.385614588129435276e+01 9.391103872455916246e+01 
2.319999999999999840e-01 4.000000000000000000e+00 1.008232711707505835e+00 5.390739323860043175e-01 4.902746962515046825e+00 7.878413495276481626e+01 9.905888464219074763e+01 
2.369999999999999885e-01 2.000000000000000000e+00 1.039507377191515536e+00 5.751812227625072715e-01 2.694430879332410100e+00 9.506374151746751977e+01 9.412638153252922280e+01 
2.319999999999999840e-01 4.000000000000000000e+00 9.405645456119968717e-01 5.576147753504414606e-01 4.902746962515046825e+00 7.878409491491214567e+01 9.908253008226834879e+01 
2.960000000000000409e-01 2.000000000000000000e+00 7.598276527026471827e-01 5.805056196969859972e-01 2.714956893029635943e+00 7.879572549176360496e+01 9.939552830337777323e+01 
2.359999999999999876e-01 2.000000000000000000e+00 9.871547869701302602e-01 5.391680200285577929e-01 2.069048918059217090e+00 7.878396090505786731e+01 9.412638153252922280e+01 
2.339999999999999858e-01 4.000000000000000000e+00 9.414870020879823054e-01 6.890348686756345709e-01 4.854682783157851844e+00 7.646486751669500848e+01 9.953949258843437065e+01 
2.900000000000000355e-01 2.000000000000000000e+00 9.304325499583473436e-01 5.774810736646557308e-01 2.803682086104581916e+00 7.879614203695601304e+01 9.902978350969596022e+01 
2.359999999999999876e-01 4.000000000000000000e+00 9.967660721745421615e-01 5.751812227625072715e-01 4.811192976600374038e+00 7.879614203695601304e+01 9.412638153252922280e+01 
7.560000000000000053e-01 2.000000000000000000e+00 1.182372063387495453e+00 5.391680200285577929e-01 2.011963860794820924e+00 8.036544695387510728e+01 9.412638153252922280e+01 
2.359999999999999876e-01 2.000000000000000000e+00 1.191967358003280353e+00 6.817334912796378932e-01 2.309774597153257059e+00 9.385614588129435276e+01 9.391103872455916246e+01 
2.359999999999999876e-01 2.000000000000000000e+00 1.028508336644924581e+00 5.751812227625072715e-01 2.763031531772845106e+00 7.879614203695601304e+01 9.383823893532009208e+01 
2.359999999999999876e-01 2.000000000000000000e+00 9.967660721745421615e-01 4.840793902138528226e-01 2.511859457640952975e+00 7.879614203695601304e+01 9.409199920626235780e+01 
2.890000000000000346e-01 2.000000000000000000e+00 9.655859230382830560e-01 6.329587214475879131e-01 2.806520903387451860e+00 7.878413495276481626e+01 9.938158478684941599e+01 
2.329999999999999849e-01 4.000000000000000000e+00 8.277269248388979817e-01 5.390739323860043175e-01 4.736175664604563629e+00 7.878413495276481626e+01 9.926664515527309618e+01 
2.359999999999999876e-01 4.000000000000000000e+00 9.936401325912815885e-01 5.423417524609042140e-01 4.902746962515046825e+00 7.879649201699629657e+01 9.408032865670055855e+01 
2.359999999999999876e-01 2.000000000000000000e+00 9.928653822447254251e-01 7.470819835428423872e-01 2.298177093745948696e+00 7.578538783215790886e+01 9.561014907764142379e+01 
2.359999999999999876e-01 2.000000000000000000e+00 9.928011265300633603e-01 7.171401570647124579e-01 2.328684180806211756e+00 9.385614588129435276e+01 9.391103872455916246e+01 
3.120000000000000551e-01 2.000000000000000000e+00 1.216849791826877025e+00 4.282647014280686060e-01 2.480659194503039622e+00 7.879614203695601304e+01 9.379147584488127620e+01 
2.309999999999999831e-01 4.000000000000000000e+00 9.405645456119968717e-01 4.932333009781501021e-01 4.902746962515046825e+00 7.840184613732100161e+01 9.938158478684941599e+01 
2.900000000000000355e-01 2.000000000000000000e+00 9.436904851952574447e-01 4.988336929072260117e-01 2.511859457640952975e+00 7.878378497272453274e+01 9.980145939201437955e+01 
3.669999999999999929e-01 4.000000000000000000e+00 1.191967358003280353e+00 6.817334912796378932e-01 4.114429821810526633e+00 9.699316591877033034e+01 9.086095614437459744e+01 
2.359999999999999876e-01 2.000000000000000000e+00 9.967087328691333070e-01 5.734124007278638135e-01 2.895917782513045324e+00 7.879614203695601304e+01 9.412638153252922280e+01 
1.000000000000000000e+00 4.000000000000000000e+00 9.499545473844787091e-01 4.908754472435402638e-01 4.902746962515046825e+00 8.224732120194614993e+01 9.926664515527309618e+01 
2.359999999999999876e-01 2.000000000000000000e+00 1.122152244662374398e+00 7.150679558243311362e-01 2.328684180806211756e+00 9.423837392137698998e+01 9.391103872455916246e+01 
2.369999999999999885e-01 2.000000000000000000e+00 1.122152244662374398e+00 5.818579911078141098e-01 2.328684180806211756e+00 9.544092906828583978e+01 9.898920121028795904e+01 
2.640000000000000124e-01 4.000000000000000000e+00 9.928011265300633603e-01 7.171401570647124579e-01 4.902117641566412054e+00 7.901239331847106939e+01 8.597979318656452108e+01 
2.359999999999999876e-01 3.000000000000000000e+00 1.000106863041208882e+00 7.152638090424898731e-01 3.939236179540412053e+00 9.355029699490124528e+01 9.391103872455916246e+01 
5.920000000000000817e-01 2.000000000000000000e+00 9.967087328691333070e-01 5.734124007278638135e-01 2.895917782513045324e+00 7.879614203695601304e+01 9.599380789438957606e+01 
2.309999999999999831e-01 4.000000000000000000e+00 9.303656989166456670e-01 5.841406780219735584e-01 4.998865879550506541e+00 7.839758152126766788e+01 9.933388295407489466e+01 
2.359999999999999876e-01 2.000000000000000000e+00 9.567333387045359183e-01 7.106910383811644305e-01 2.201388347319920502e+00 7.857345967211122684e+01 9.391731430994589402e+01 
7.630000000000000115e-01 2.000000000000000000e+00 9.405645456119968717e-01 5.390739323860043175e-01 2.022008069863890256e+00 8.583241546760250174e+01 9.938158478684941599e+01 
2.359999999999999876e-01 2.000000000000000000e+00 1.122152244662374398e+00 7.150622161281769973e-01 2.328684180806211756e+00 9.423837392137698998e+01 9.391103872455916246e+01 
2.319999999999999840e-01 4.000000000000000000e+00 9.686346887886881918e-01 5.390739323860043175e-01 4.902746962515046825e+00 7.878413495276481626e+01 9.938050918433762604e+01 
2.900000000000000355e-01 2.000000000000000000e+00 9.406313966536984372e-01 4.865736966208322745e-01 2.707591734853443288e+00 7.880040665300934677e+01 9.904356460176933297e+01 
2.359999999999999876e-01 2.000000000000000000e+00 9.373629213730076959e-01 7.136000985663517593e-01 2.328684180806211756e+00 7.886202617729530573e+01 9.391103872455916246e+01 
2.359999999999999876e-01 4.000000000000000000e+00 9.928011265300633603e-01 4.860052443028921587e-01 4.875756862570521655e+00 9.528665011900091031e+01 9.391103872455916246e+01 
2.520000000000000018e-01 4.000000000000000000e+00 1.122504635380845217e+00 7.205092535485734251e-01 4.990869825873033960e+00 9.423837392137698998e+01 9.570844061433953698e+01 
2.389999999999999902e-01 5.000000000000000000e+00 9.302177099943590433e-01 5.122256486428035105e-01 5.000528406936580517e+00 7.839758152126766788e+01 9.974133624710506751e+01 
4.220000000000000417e-01 2.000000000000000000e+00 1.122152244662374398e+00 7.673307619321348971e-01 2.183852080482830971e+00 9.423837392137698998e+01 9.391103872455916246e+01 
2.369999999999999885e-01 4.000000000000000000e+00 1.125353868901334931e+00 5.405417896437341163e-01 4.902746962515046825e+00 9.416045054407787518e+01 9.938158478684941599e+01 
2.890000000000000346e-01 2.000000000000000000e+00 9.405645456119968717e-01 7.243682137110956099e-01 2.356715427114012051e+00 7.840184613732100161e+01 9.938158478684941599e+01 
2.349999999999999867e-01 8.000000000000000000e+00 9.402121548935133966e-01 5.336268949644684678e-01 8.515109654947917051e+00 7.693011651173573284e+01 9.938158478684941599e+01 
2.329999999999999849e-01 4.000000000000000000e+00 8.971782013310739545e-01 4.399463136814267816e-01 4.901084435128972849e+00 7.840184613732100161e+01 9.994665937371624409e+01 
2.369999999999999885e-01 2.000000000000000000e+00 1.122152244662374398e+00 8.664521636509279201e-01 2.328684180806211756e+00 9.667055336715735336e+01 9.391103872455916246e+01 
2.359999999999999876e-01 8.000000000000000000e+00 8.165502745803593365e-01 9.504636963259353033e-01 8.919661410542419233e+00 9.486494471372438397e+01 3.118314520104854637e+01 
2.359999999999999876e-01 2.100000000000000000e+01 6.926570285616058253e-01 8.277025938204417566e-01 2.164155854571973947e+01 5.495936876730594634e+01 2.755911324306836718e+00 
2.359999999999999876e-01 1.700000000000000000e+01 1.154918352144729266e+00 5.381433132192782187e-01 1.782712239195642212e+01 7.884287034284042761e+01 3.031948292916449716e+01 
2.359999999999999876e-01 2.100000000000000000e+01 7.348970452729119973e-01 1.340416972471647483e-01 2.134942334946220299e+01 2.034552406761496002e+01 2.623133404418495118e+01 
1.000000000000000000e+00 2.500000000000000000e+01 1.150510541682073562e+00 2.804087579860399249e-01 2.528916677271848101e+01 9.807371998012386882e+01 9.616571936637868134e+01 
2.359999999999999876e-01 1.500000000000000000e+01 1.114705917082947195e+00 5.412268555474342158e-01 1.529077779417779936e+01 1.606520087751268733e+01 9.699254132161325970e+01 
1.000000000000000000e+00 3.100000000000000000e+01 8.224960197670301287e-01 1.158656124707703183e-01 3.192750826580002155e+01 7.766831143422979267e+01 6.130033010530404880e+01 
2.359999999999999876e-01 2.700000000000000000e+01 1.384216786707263669e+00 3.959287666420285845e-02 2.737228463648104082e+01 4.593358828854037057e+01 6.234957914987560024e+00 
2.359999999999999876e-01 3.000000000000000000e+01 9.978594367951248989e-01 8.526328384806567406e-01 3.046116886900563259e+01 2.600974477372232130e+01 8.398815210314087665e+01 
1.000000000000000000e+00 3.800000000000000000e+01 8.132942341301130362e-01 5.108888844665330220e-01 3.814544996970453639e+01 1.479220357849565559e+01 8.196267191192769985e+01 
2.359999999999999876e-01 1.700000000000000000e+01 1.154918352144729266e+00 5.416204905275481263e-01 1.782712239195642212e+01 7.831096903754659877e+01 3.031948292916449716e+01 
2.419999999999999929e-01 8.000000000000000000e+00 8.165502745803593365e-01 9.504636963259353033e-01 8.919661410542419233e+00 9.486494471372438397e+01 5.760810851690965961e+00 
2.359999999999999876e-01 2.100000000000000000e+01 6.926570285616058253e-01 5.378962016630137732e-01 2.164155854571973947e+01 5.478034390271631793e+01 2.755911324306836718e+00 
2.359999999999999876e-01 2.100000000000000000e+01 5.275816339941271638e-01 8.343893855900450518e-01 2.134030348383743458e+01 2.028444482124617210e+01 2.595556279810699962e+01 
2.389999999999999902e-01 7.000000000000000000e+00 8.155811480836749894e-01 5.498453001171603738e-01 7.337309627108280274e+00 9.451203626845634176e+01 4.393181465954833698e+01 
2.359999999999999876e-01 1.500000000000000000e+01 1.114705917082947195e+00 5.381131813673433184e-01 1.529077779417779936e+01 1.659814398228737176e+01 9.699254132161325970e+01 
2.359999999999999876e-01 2.700000000000000000e+01 1.384216786707263669e+00 7.173379228633081084e-02 2.737228463648104082e+01 4.593358828854037057e+01 3.165892010803384338e+01 
2.359999999999999876e-01 1.500000000000000000e+01 1.114705917082947195e+00 8.310332195669630773e-01 1.529077779417779936e+01 1.624426512227038444e+01 9.699254132161325970e+01 
2.359999999999999876e-01 2.100000000000000000e+01 6.908311698649112209e-01 1.274265794557875031e-01 2.165067841134451143e+01 5.495936876730594634e+01 3.044045503554094978e+00 
1.000000000000000000e+00 1.900000000000000000e+01 1.155887478522173328e+00 9.385664443735046714e-01 1.940948906240166849e+01 7.919569223404876368e+01 3.033709017172491329e+01 
2.359999999999999876e-01 1.700000000000000000e+01 7.156393917850896180e-01 5.381433132192782187e-01 1.782712239195642212e+01 5.479255587582225218e+01 3.031948292916449716e+01 
2.369999999999999885e-01 1.100000000000000000e+01 8.165502745803593365e-01 9.504636963259353033e-01 1.142072709968673827e+01 9.486494471372438397e+01 2.078084243991843749e+01 
2.359999999999999876e-01 1.500000000000000000e+01 1.097489940951951848e+00 5.412268555474342158e-01 1.529077779417779936e+01 1.606520087751268733e+01 9.727300492302254042e+01 
2.359999999999999876e-01 2.100000000000000000e+01 1.106429169565303461e+00 1.274265794557875031e-01 2.165067841134451143e+01 5.495936876730594634e+01 4.346351948477435556e+00 
2.359999999999999876e-01 1.600000000000000000e+01 1.154918352144729266e+00 5.381433132192782187e-01 1.626930635495609678e+01 7.777754936874197256e+01 3.031948292916449716e+01 
2.359999999999999876e-01 2.100000000000000000e+01 1.273016898584857781e+00 8.277025938204417566e-01 2.164155854571973947e+01 8.066437091127947667e+01 2.755911324306836718e+00 
2.279999999999999805e-01 8.000000000000000000e+00 8.165502745803593365e-01 9.504636963259353033e-01 8.919661410542419233e+00 9.486494471372438397e+01 7.152720300839110479e+00 
2.359999999999999876e-01 1.500000000000000000e+01 9.853668669789912293e-01 4.391973312714765321e-01 1.529077779417779936e+01 1.606520087751268733e+01 9.699254132161325970e+01 
2.469999999999999973e-01 1.300000000000000000e+01 6.991079169835731077e-01 8.310332195669630773e-01 1.336618238055916486e+01 1.056857503926625874e+01 9.699254132161325970e+01 
2.359999999999999876e-01 1.700000000000000000e+01 8.160689204228021021e-01 9.752984118490279908e-01 1.781521416335134234e+01 7.826643053742823497e+01 3.034189031690045724e+01 
2.359999999999999876e-01 9.000000000000000000e+00 8.290434905602561688e-01 9.243261154513087163e-01 9.087783327177545445e+00 1.606520087751268733e+01 8.563143255800159181e+01 
2.169999999999999707e-01 1.000000000000000000e+01 7.804224809331196111e-01 9.504636963259353033e-01 1.076722788202960679e+01 9.486494471372438397e+01 7.179451010251968412e+00 
2.399999999999999911e-01 7.000000000000000000e+00 6.041291053544076695e-01 5.490557450725968014e-01 7.337309627108280274e+00 9.451203626845634176e+01 4.393181465954833698e+01 
2.389999999999999902e-01 7.000000000000000000e+00 8.165641210628344915e-01 9.486856993322960729e-01 7.337309627108280274e+00 9.486293895546198485e+01 4.393181465954833698e+01 
2.359999999999999876e-01 1.500000000000000000e+01 9.772773837879004111e-01 4.497800736820982137e-01 1.512265587843953085e+01 9.486494471372438397e+01 2.158496662826184576e+01 
2.419999999999999929e-01 8.000000000000000000e+00 8.165502745803593365e-01 9.504636963259353033e-01 8.919661410542419233e+00 9.486494471372438397e+01 5.734080142278108028e+00 
2.359999999999999876e-01 1.500000000000000000e+01 1.127690911107380067e+00 5.389027364119070018e-01 1.529077779417779936e+01 1.659814398228737176e+01 9.699254132161325970e+01 
2.369999999999999885e-01 8.000000000000000000e+00 8.165502745803593365e-01 9.504636963259353033e-01 8.919661410542419233e+00 9.486494471372438397e+01 1.382164943354201547e+01 
2.369999999999999885e-01 1.100000000000000000e+01 8.155673016011997234e-01 5.514411044959778296e-01 1.142072709968673827e+01 9.451404202671874089e+01 2.078084243991843749e+01 
2.419999999999999929e-01 8.000000000000000000e+00 8.165502745803593365e-01 9.569972045142201011e-01 8.919661410542419233e+00 9.486494471372438397e+01 5.760810851690965961e+00 
2.399999999999999911e-01 8.000000000000000000e+00 8.165648291235906298e-01 9.504636963259353033e-01 8.919661410542419233e+00 9.486490724976498257e+01 2.956218001541562401e+01 
2.359999999999999876e-01 1.000000000000000000e+01 7.806922110071161658e-01 9.504636963259353033e-01 1.076662876817308501e+01 9.749030867124564281e+01 7.179451010251968412e+00 
2.379999999999999893e-01 8.000000000000000000e+00 8.154347941031883096e-01 9.896293708504700914e-01 8.385710338349500859e+00 9.486494471372438397e+01 3.089060223514085024e+01 
2.389999999999999902e-01 7.000000000000000000e+00 8.165641210628344915e-01 5.430229279528363540e-01 7.337309627108280274e+00 9.486293895546198485e+01 4.393181465954833698e+01 
2.369999999999999885e-01 8.000000000000000000e+00 8.165502745803593365e-01 9.504636963259353033e-01 8.919661410542419233e+00 9.486494471372438397e+01 1.862126310836592680e+01 
2.970000000000000417e-01 7.000000000000000000e+00 8.165495665196030872e-01 9.486856993322960729e-01 7.337309627108280274e+00 9.486297641942140046e+01 4.555277984519003098e+01 
2.239999999999999769e-01 9.000000000000000000e+00 8.153114180096785457e-01 5.498453001171603738e-01 9.137123530430548257e+00 9.451203626845634176e+01 4.393181465954833698e+01 
2.379999999999999893e-01 8.000000000000000000e+00 7.815379614102906380e-01 9.504636963259353033e-01 8.858243094280210173e+00 9.486494471372438397e+01 4.973455030837895308e+00 
2.399999999999999911e-01 7.000000000000000000e+00 6.041291053544076695e-01 9.543556745655119578e-01 7.337309627108280274e+00 9.451203626845634176e+01 4.393181465954833698e+01 
2.369999999999999885e-01 8.000000000000000000e+00 6.505757495448643013e-01 9.504636963259353033e-01 8.919661410542419233e+00 9.486494471372438397e+01 1.306591552751081053e+01 
2.179999999999999716e-01 1.000000000000000000e+01 5.989011965429522633e-01 9.504224918819823564e-01 1.086918733949135962e+01 9.451445308014061197e+01 4.381175212112829342e+01 
3.729999999999999982e-01 7.000000000000000000e+00 8.155811480836749894e-01 5.498453001171603738e-01 7.337309627108280274e+00 8.829072223619635906e+01 4.393181465954833698e+01 
2.399999999999999911e-01 7.000000000000000000e+00 6.041291053544076695e-01 5.722927745833147339e-01 7.337309627108280274e+00 9.451203626845634176e+01 4.393181465954833698e+01 
2.199999999999999734e-01 8.000000000000000000e+00 8.165502745803593365e-01 9.504636963259353033e-01 8.919661410542419233e+00 9.486494471372438397e+01 9.183018814651186190e+00 
2.259999999999999787e-01 8.000000000000000000e+00 8.155811480836749894e-01 5.498453001171603738e-01 8.178267932309360333e+00 9.451203626845634176e+01 4.393181465954833698e+01 
2.449999999999999956e-01 7.000000000000000000e+00 7.856503897445756834e-01 7.613150829167634193e-01 7.235350169680825339e+00 9.486252790204011376e+01 7.302431494589686878e+00 
2.389999999999999902e-01 7.000000000000000000e+00 8.165641210628344915e-01 9.494250565523304486e-01 7.337309627108280274e+00 9.488491066868222390e+01 4.393181465954833698e+01 
2.359999999999999876e-01 7.000000000000000000e+00 6.437335852312661144e-01 9.308992844956067714e-01 7.337309627108280274e+00 9.451203626845634176e+01 4.733852108773730549e+01 
2.479999999999999982e-01 1.100000000000000000e+01 7.804224809331196111e-01 9.504636963259353033e-01 1.196357914877286888e+01 9.486494471372438397e+01 7.153657689602468395e+00 
2.389999999999999902e-01 7.000000000000000000e+00 9.112171293945504624e-01 5.766488233151921827e-01 7.337309627108280274e+00 9.486293895546198485e+01 4.393181465954833698e+01 
2.179999999999999716e-01 1.000000000000000000e+01 5.989011965429522633e-01 9.504224918819823564e-01 1.077095933069132627e+01 9.455165990324276493e+01 4.381175212112829342e+01 
2.359999999999999876e-01 7.000000000000000000e+00 6.437335852312661144e-01 9.306977687394891730e-01 7.337309627108280274e+00 9.451203626845634176e+01 4.733852108773730549e+01 
2.389999999999999902e-01 7.000000000000000000e+00 9.009172981237082434e-01 9.780643878099013477e-01 7.337309627108280274e+00 9.486293895546198485e+01 4.393181465954833698e+01 
2.429999999999999938e-01 7.000000000000000000e+00 7.804224809331196111e-01 9.504636963259353033e-01 7.385735448408470738e+00 9.486494471372438397e+01 5.675940113899068251e+01 
2.369999999999999885e-01 1.000000000000000000e+01 7.804224809331196111e-01 9.504636963259353033e-01 1.086545589082964014e+01 9.482773789062223102e+01 4.853870282355220667e+00 
2.199999999999999734e-01 8.000000000000000000e+00 8.165502745803593365e-01 9.506652120820526797e-01 8.919661410542419233e+00 9.486494471372438397e+01 9.183018814651186190e+00 
2.179999999999999716e-01 1.000000000000000000e+01 6.062333057084982046e-01 5.459706660428259584e-01 1.086918733949135962e+01 9.451445308014061197e+01 4.381175212112829342e+01 
2.359999999999999876e-01 1.000000000000000000e+01 9.112171293945504624e-01 5.766488233151921827e-01 1.071880206073720565e+01 9.118024025169700053e+01 2.965631083395788181e+00 
2.169999999999999707e-01 1.000000000000000000e+01 8.155811480836749894e-01 5.711644976557042064e-01 1.073334372252003632e+01 9.452069099653320450e+01 4.393181465954833698e+01 
2.449999999999999956e-01 7.000000000000000000e+00 7.804224809331196111e-01 9.504636963259353033e-01 7.371193786625709343e+00 9.485628998564752123e+01 7.179451010251968412e+00 
2.359999999999999876e-01 7.000000000000000000e+00 9.029246538485793394e-01 8.767655828878244684e-01 7.337309627108280274e+00 9.451203626845634176e+01 4.726941320941491398e+01 
2.369999999999999885e-01 1.000000000000000000e+01 6.062333057084982046e-01 5.459706660428259584e-01 1.086918733949135962e+01 9.484998518629987529e+01 4.097642103128788449e+01 
2.379999999999999893e-01 7.000000000000000000e+00 7.828508915960833425e-01 5.498453001171603738e-01 7.337309627108280274e+00 9.451203626845634176e+01 8.044452243473070752e+00 
2.359999999999999876e-01 7.000000000000000000e+00 6.437335852312661144e-01 9.306977687394891730e-01 7.078240643720854486e+00 9.451203626845634176e+01 4.733852108773730549e+01 
2.169999999999999707e-01 1.000000000000000000e+01 8.155811480836749894e-01 5.712613768482526222e-01 1.073334372252003632e+01 9.452069099653320450e+01 4.393181465954833698e+01 
2.359999999999999876e-01 9.000000000000000000e+00 6.417262295064097843e-01 9.697789434572784417e-01 9.719145833254142275e+00 9.486293895546198485e+01 4.400092253787072849e+01 
2.379999999999999893e-01 1.000000000000000000e+01 7.804224809331196111e-01 9.504636963259353033e-01 1.076722788202960679e+01 9.452941260756512065e+01 1.001722024733532734e+01 
2.169999999999999707e-01 1.000000000000000000e+01 8.131527374207113690e-01 9.504636963259353033e-01 1.076722788202960679e+01 9.486494471372438397e+01 4.306961275324901095e+01 
2.179999999999999716e-01 1.000000000000000000e+01 6.062333057084982046e-01 5.458737868502774315e-01 1.086918733949135962e+01 9.451445308014061197e+01 4.381175212112829342e+01 
2.379999999999999893e-01 1.000000000000000000e+01 7.802831788941745339e-01 9.304287136643701883e-01 1.086428560681600786e+01 9.494631183288490206e+01 1.059248859055387726e+01 
2.359999999999999876e-01 7.000000000000000000e+00 6.437335852312661144e-01 9.306968749532793517e-01 7.078240643720854486e+00 9.451203626845634176e+01 4.733852108773730549e+01 
2.369999999999999885e-01 9.000000000000000000e+00 6.437335852312661144e-01 9.306977687394891730e-01 9.013018479608252420e+00 9.449334795602220538e+01 6.540128781323148566e+00 
2.329999999999999849e-01 1.000000000000000000e+01 6.437335852312661144e-01 9.507095996270998883e-01 1.063133272499928950e+01 9.451203626845634176e+01 5.019614673988770903e+01 
2.449999999999999956e-01 7.000000000000000000e+00 7.754971090521326493e-01 9.505330707684339631e-01 7.287884962903383723e+00 9.487457305222753234e+01 7.179451010251968412e+00 
2.359999999999999876e-01 7.000000000000000000e+00 6.437335852312661144e-01 9.309001782818167037e-01 7.337309627108280274e+00 9.451203626845634176e+01 4.733852108773730549e+01 
1.000000000000000000e+00 5.000000000000000000e+00 8.165502745803593365e-01 8.952498270877456976e-01 5.721691151137145326e+00 9.329504061953457494e+01 4.973368559877921058e+01 
2.379999999999999893e-01 8.000000000000000000e+00 8.165502745803593365e-01 9.306533811944419643e-01 8.752492298749382726e+00 9.486494471372438397e+01 6.347714433464318518e+00 
2.369999999999999885e-01 1.000000000000000000e+01 5.933920301586486090e-01 9.308299100531078896e-01 1.081665254625224293e+01 9.450240792995319339e+01 4.733852108773730549e+01 
2.199999999999999734e-01 8.000000000000000000e+00 6.479642939523050371e-01 9.441547388415627573e-01 8.919661410542419233e+00 9.456262366335592162e+01 9.371318826865079998e+00 
2.359999999999999876e-01 7.000000000000000000e+00 7.394857098728432332e-01 9.679372144863306326e-01 7.078240643720854486e+00 9.481435731882480411e+01 4.733852108773730549e+01 
2.129999999999999671e-01 1.000000000000000000e+01 8.165502745803593365e-01 9.504636963259353033e-01 1.065826264878849372e+01 9.486494471372438397e+01 9.183018814651186190e+00 
5.120000000000000107e-01 7.000000000000000000e+00 8.177544433100146781e-01 9.308992844956067714e-01 7.337309627108280274e+00 9.329899742143072672e+01 4.736716778976015263e+01 
2.249999999999999778e-01 1.200000000000000000e+01 8.131527374207113690e-01 9.504636963259353033e-01 1.276793264490285829e+01 9.486494471372438397e+01 4.543721579389087140e+01 
2.369999999999999885e-01 1.000000000000000000e+01 8.131527374207113690e-01 9.504636963259353033e-01 1.079895116869643878e+01 9.485672379156920897e+01 6.817951584397896170e+00 
1.000000000000000000e+00 1.100000000000000000e+01 7.804224809331196111e-01 9.625652461410183491e-01 1.156028514583022471e+01 9.907420150052826102e+01 7.179451010251968412e+00 
2.259999999999999787e-01 9.000000000000000000e+00 7.804224809331196111e-01 9.504636963259353033e-01 9.028626643783532302e+00 9.486494471372438397e+01 7.179451010251968412e+00 
2.369999999999999885e-01 8.000000000000000000e+00 6.425294165016107728e-01 8.952498270877456976e-01 8.282722908187832189e+00 9.450807946656018999e+01 4.970503889675637055e+01 
1.000000000000000000e+00 5.000000000000000000e+00 8.165502745803593365e-01 8.952498270877456976e-01 5.233313537577491736e+00 9.329504061953457494e+01 4.942586782786587918e+01 
2.429999999999999938e-01 8.000000000000000000e+00 6.479642939523050371e-01 9.489293876879529854e-01 8.887938123875587237e+00 9.457084458551111084e+01 5.340703450934434215e+01 
2.359999999999999876e-01 7.000000000000000000e+00 7.394857098728432332e-01 9.504633526826952172e-01 7.078240643720854486e+00 9.481435731882480411e+01 4.733852108773730549e+01 
1.000000000000000000e+00 5.000000000000000000e+00 9.509871574058685884e-01 8.952498270877456976e-01 5.233313537577491736e+00 9.329504061953457494e+01 4.942586782786587918e+01 
2.610000000000000098e-01 8.000000000000000000e+00 8.165502745803593365e-01 9.504636963259353033e-01 8.935147780628751590e+00 8.938599393734548926e+01 9.183018814651186190e+00 
2.199999999999999734e-01 8.000000000000000000e+00 6.496512958580004105e-01 9.682801293260975273e-01 8.919661410542419233e+00 9.456663489334262351e+01 9.371318826865079998e+00 
1.000000000000000000e+00 8.000000000000000000e+00 8.149057359727052141e-01 8.952498270877456976e-01 8.517768788020159576e+00 9.329504061953457494e+01 4.730048668932772671e+01 
2.359999999999999876e-01 7.000000000000000000e+00 8.175953792833084988e-01 8.971401331937173262e-01 7.254920941015553737e+00 9.677882504062473856e+01 4.717843338295909916e+01 
1.000000000000000000e+00 5.000000000000000000e+00 8.321842549775463338e-01 9.189399512442595341e-01 5.721691151137145326e+00 9.329504061953457494e+01 4.973368559877921058e+01 
2.369999999999999885e-01 1.000000000000000000e+01 8.368584738481967822e-01 9.504636963259353033e-01 1.064277627870215959e+01 9.486494471372438397e+01 1.815689693545045813e+01 
2.359999999999999876e-01 7.000000000000000000e+00 7.911077538301525269e-01 9.438118240011181825e-01 7.078240643720854486e+00 9.481034608883810222e+01 4.733852108773730549e+01 
2.369999999999999885e-01 7.000000000000000000e+00 6.453781238389203478e-01 9.224590643616272789e-01 7.078240643720854486e+00 9.451203626845634176e+01 4.475364189908248136e+01 
2.359999999999999876e-01 7.000000000000000000e+00 7.384406051698940709e-01 8.948591846777987913e-01 7.134360738703910521e+00 9.117598945832934021e+01 4.989377330355742401e+01 
2.369999999999999885e-01 1.000000000000000000e+01 8.165502745803593365e-01 9.506136943412206719e-01 1.065826264878849372e+01 9.486494471372438397e+01 4.798284423077963368e+01 
2.199999999999999734e-01 8.000000000000000000e+00 7.956504838213949160e-01 9.696951724244229354e-01 8.919661410542419233e+00 9.456276273467267401e+01 9.371318826865079998e+00 
5.130000000000000115e-01 7.000000000000000000e+00 8.321842549775463338e-01 9.689391041397029669e-01 7.094638375241550499e+00 9.329504061953457494e+01 4.729497340836376651e+01 
2.189999999999999725e-01 5.000000000000000000e+00 8.165502745803593365e-01 9.518632155651393090e-01 5.874129217744012088e+00 9.474740121429249484e+01 9.183018814651186190e+00 
1.000000000000000000e+00 5.000000000000000000e+00 8.165502745803593365e-01 7.849845468354998967e-01 5.721691151137145326e+00 9.329504061953457494e+01 1.093532913290885489e+01 
2.199999999999999734e-01 8.000000000000000000e+00 6.496512958580004105e-01 9.427396957382243592e-01 8.919661410542419233e+00 9.456649582202587112e+01 9.371318826865079998e+00 
2.359999999999999876e-01 7.000000000000000000e+00 7.384406051698940709e-01 8.948591846777987913e-01 7.859711050388985321e+00 9.117598945832934021e+01 4.989377330355742401e+01 
2.379999999999999893e-01 7.000000000000000000e+00 7.394857098728432332e-01 9.179380581696771069e-01 7.144818337315473222e+00 9.006877159474531425e+01 4.977723327815275667e+01 
1.000000000000000000e+00 1.000000000000000000e+01 8.165502745803593365e-01 8.938503076247201751e-01 1.050582461175239146e+01 9.341258411896646408e+01 4.973368559877921058e+01 
2.379999999999999893e-01 8.000000000000000000e+00 6.496512958580004105e-01 9.682028537296269999e-01 8.919661410542419233e+00 9.857932321496370776e+01 9.371318826865079998e+00 
2.269999999999999796e-01 8.000000000000000000e+00 6.490447884048924365e-01 9.672663838123449764e-01 8.919661410542419233e+00 9.458596424623119958e+01 1.103999811543785725e+01 
1.000000000000000000e+00 8.000000000000000000e+00 8.233311775734268867e-01 9.427396957382243592e-01 8.919661410542419233e+00 8.188163646611405966e+01 9.371318826865079998e+00 
2.189999999999999725e-01 5.000000000000000000e+00 8.165502745803593365e-01 9.504636963259353033e-01 5.473198326652868317e+00 9.486494471372438397e+01 9.183018814651186190e+00 
2.189999999999999725e-01 5.000000000000000000e+00 8.143778331223641143e-01 9.518632155651393090e-01 5.864344722711463120e+00 9.455207186861457558e+01 9.183018814651186190e+00 
2.369999999999999885e-01 9.000000000000000000e+00 6.496512958580004105e-01 9.641225662325187962e-01 9.031326484798649190e+00 9.456663489334262351e+01 8.569591740292278104e+00 
1.000000000000000000e+00 5.000000000000000000e+00 8.327907624306544188e-01 9.199536954266360755e-01 5.721691151137145326e+00 9.327571126664598467e+01 4.806630113462067300e+01 
2.189999999999999725e-01 5.000000000000000000e+00 5.333540729536581093e-01 9.518632155651393090e-01 5.874129217744012088e+00 9.456195767261196750e+01 9.183018814651186190e+00 
1.000000000000000000e+00 1.000000000000000000e+01 8.165502745803593365e-01 7.849845468354998967e-01 1.090675576052493412e+01 9.388269977695232171e+01 4.147120128436598385e+00 
2.489999999999999991e-01 8.000000000000000000e+00 6.518237373159956327e-01 8.639266763063947474e-01 8.929445905668931260e+00 9.947707631062904454e+01 9.371318826865079998e+00 
1.000000000000000000e+00 5.000000000000000000e+00 8.321842549775463338e-01 9.540580056806540199e-01 5.610026078037936514e+00 9.329504061953457494e+01 5.253619757930486145e+01 
2.369999999999999885e-01 5.000000000000000000e+00 5.346781280012729010e-01 7.847977632625103839e-01 5.713554357454790456e+00 9.456730038969415375e+01 8.517975219209546367e+00 
2.189999999999999725e-01 5.000000000000000000e+00 8.165502745803593365e-01 9.518632017088792807e-01 5.950414949178508550e+00 9.486606628196760482e+01 9.183018814651186190e+00 
2.189999999999999725e-01 5.000000000000000000e+00 8.165502745803593365e-01 9.504552460555827365e-01 5.473198326652868317e+00 9.486494471372438397e+01 9.183018814651186190e+00 
2.710000000000000187e-01 5.000000000000000000e+00 8.213920143955222297e-01 9.810352632882287649e-01 5.473232410019717165e+00 9.859857091030399090e+01 1.042540250482046460e+00 
2.359999999999999876e-01 1.000000000000000000e+01 8.143778331223641143e-01 9.517587105241497314e-01 1.065673480115902727e+01 9.455207186861457558e+01 8.840111941112047234e+00 
1.000000000000000000e+00 5.000000000000000000e+00 8.152262195335450157e-01 9.520480815907688132e-01 5.882266011426366070e+00 9.328969790245240290e+01 1.305453823379356493e+01 
2.129999999999999671e-01 1.000000000000000000e+01 8.626130080106413356e-01 9.504637101821953316e-01 1.058197693207226209e+01 9.474627964604927399e+01 9.183018814651186190e+00 
2.189999999999999725e-01 5.000000000000000000e+00 8.165502745803593365e-01 9.518716658354918758e-01 5.874129217744012088e+00 9.474740121429249484e+01 9.183018814651186190e+00 
2.189999999999999725e-01 5.000000000000000000e+00 5.285123331405214842e-01 9.503216150700942721e-01 5.874095134377162353e+00 9.486494471372438397e+01 9.183018814651186190e+00 
3.279999999999999583e-01 5.000000000000000000e+00 7.423395870239777317e-01 7.679177678721351707e-01 5.865872586269142097e+00 9.160669861795220470e+01 9.183018814651186190e+00 
2.129999999999999671e-01 1.000000000000000000e+01 8.165502745803593365e-01 9.504557519941679855e-01 1.047676753963283147e+01 9.486965436055768919e+01 9.183018814651186190e+00 
2.249999999999999778e-01 5.000000000000000000e+00 8.165502745803593365e-01 9.504624117936725236e-01 5.473198326652868317e+00 9.486563559097001530e+01 1.510504392411996122e+01 
2.189999999999999725e-01 5.000000000000000000e+00 8.143778331223641143e-01 9.867890852639914501e-01 5.864344722711463120e+00 9.475828091685056620e+01 9.183018814651186190e+00 
2.189999999999999725e-01 5.000000000000000000e+00 8.165502745803593365e-01 9.518823395797232356e-01 5.493944197917038252e+00 9.486492718081254338e+01 9.183018814651186190e+00 
2.379999999999999893e-01 5.000000000000000000e+00 5.285123331405214842e-01 9.503216150700942721e-01 5.874095134377162353e+00 9.486494471372438397e+01 1.485911136492837592e+01 
4.050000000000000266e-01 6.000000000000000000e+00 8.626130080106413356e-01 9.212890170410334978e-01 6.055624349982647203e+00 9.833680357499292768e+01 9.183018814651186190e+00 
3.569999999999999840e-01 5.000000000000000000e+00 8.165502745803593365e-01 9.518645000974020887e-01 5.874129217744012088e+00 8.741911102227972208e+01 9.183018814651186190e+00 
2.189999999999999725e-01 5.000000000000000000e+00 8.165502745803593365e-01 9.518632155651393090e-01 5.874129217744012088e+00 9.454119216605650422e+01 9.183018814651186190e+00 
3.199999999999999512e-01 5.000000000000000000e+00 8.165502745803593365e-01 9.504445584550912374e-01 5.929669077914338615e+00 9.260632553967997183e+01 9.183018814651186190e+00 
2.369999999999999885e-01 1.100000000000000000e+01 8.985452185764142286e-01 9.504636963259353033e-01 1.174497587496628093e+01 9.486494471372438397e+01 1.833947385264120555e+01 
2.189999999999999725e-01 5.000000000000000000e+00 8.165502745803593365e-01 9.518632155651393090e-01 5.874129217744012088e+00 9.486415957481017358e+01 9.183018814651186190e+00 
2.770000000000000240e-01 6.000000000000000000e+00 7.695217805108945930e-01 9.867150932039431277e-01 6.012410383941494629e+00 9.474726593872209435e+01 9.183018814651186190e+00 
1.000000000000000000e+00 1.300000000000000000e+01 8.140419222486480200e-01 9.504737530760214437e-01 1.374145008691882452e+01 9.540543279901572760e+01 9.183018814651186190e+00 
2.610000000000000098e-01 1.000000000000000000e+01 8.143863918688822867e-01 9.504659501350463113e-01 1.053505563175823667e+01 9.570749759385313382e+01 9.183018814651186190e+00 
5.620000000000000551e-01 2.000000000000000000e+00 8.165502745803593365e-01 9.518632155651393090e-01 2.874030967450319274e+00 9.474973966877165310e+01 9.183018814651186190e+00 
2.189999999999999725e-01 5.000000000000000000e+00 8.165502745803593365e-01 9.504636963259353033e-01 5.473198326652868317e+00 9.454197730497071461e+01 9.183018814651186190e+00 
2.189999999999999725e-01 5.000000000000000000e+00 8.166232540779341242e-01 9.519371414461493819e-01 5.864141653045406244e+00 9.475841619242096669e+01 9.183018814651186190e+00 
2.129999999999999671e-01 1.000000000000000000e+01 8.165502745803593365e-01 9.281594296161663760e-01 1.017009725464247794e+01 9.485738811062225295e+01 9.183018814651186190e+00 
2.189999999999999725e-01 5.000000000000000000e+00 8.165417158338412751e-01 9.518609617560283009e-01 5.987551754860836795e+00 9.455207186861457558e+01 9.183018814651186190e+00 
2.189999999999999725e-01 5.000000000000000000e+00 8.165502745803593365e-01 9.504636963259353033e-01 5.473198326652868317e+00 9.486260625924522571e+01 9.183018814651186190e+00 
2.189999999999999725e-01 5.000000000000000000e+00 8.165502745803593365e-01 9.281594296161663760e-01 5.387717348393419314e+00 9.485733864203932342e+01 9.183018814651186190e+00 
2.219999999999999751e-01 5.000000000000000000e+00 8.628888148852489337e-01 9.518632155651393090e-01 5.874129217744012088e+00 9.472838407555322249e+01 5.334877732399975869e+00 
2.710000000000000187e-01 5.000000000000000000e+00 8.165501949919434788e-01 9.504557519941679855e-01 5.927723690640974041e+00 9.932651379039499773e+01 9.183018814651186190e+00 
2.129999999999999671e-01 1.000000000000000000e+01 8.165502745803593365e-01 9.799500077845511026e-01 1.014078890495042984e+01 9.486037213874155327e+01 9.183018814651186190e+00 
2.780000000000000249e-01 6.000000000000000000e+00 8.165502745803593365e-01 9.518632155651393090e-01 6.037034535066529095e+00 9.485899578723358161e+01 9.183018814651186190e+00 
2.359999999999999876e-01 1.100000000000000000e+01 8.165502745803593365e-01 9.504636963259353033e-01 1.184737122426152034e+01 9.220762404256966249e+01 3.506332574420953030e+00 
2.189999999999999725e-01 5.000000000000000000e+00 8.165502745803593365e-01 9.518632155651393090e-01 5.874129217744012088e+00 9.456020930479577657e+01 9.183018814651186190e+00 
2.680000000000000160e-01 1.000000000000000000e+01 8.165417954222572439e-01 9.518609617560283009e-01 1.053659561566895420e+01 9.284224621020061363e+01 9.183018814651186190e+00 
5.620000000000000551e-01 2.000000000000000000e+00 7.307831571898006917e-01 9.281594296161663760e-01 2.907005851113441341e+00 9.474675564065236699e+01 7.583128244327194345e+00 
2.129999999999999671e-01 1.000000000000000000e+01 8.165502745803593365e-01 9.504557519941679855e-01 1.031386223155464776e+01 9.455185073938061180e+01 9.183018814651186190e+00 
2.359999999999999876e-01 1.000000000000000000e+01 8.165502745803593365e-01 9.518632155651393090e-01 1.009970894964419230e+01 9.919065845883910981e+01 1.981755078819631066e+01 
1.000000000000000000e+00 5.000000000000000000e+00 8.165502745803593365e-01 9.454733753977130339e-01 5.473198326652868317e+00 9.349666062426926771e+01 3.248338456020235299e+00 
7.189999999999999725e-01 2.000000000000000000e+00 8.112774111814815559e-01 9.518632155651393090e-01 2.846418819298356606e+00 9.570180388435477425e+01 9.183018814651186190e+00 
2.189999999999999725e-01 5.000000000000000000e+00 8.168778262306333193e-01 9.532496565074353168e-01 5.966974619589048068e+00 9.474737391677744824e+01 9.187968201848184080e+00 
4.010000000000000231e-01 3.000000000000000000e+00 8.552866396058587117e-01 9.504557519941679855e-01 3.091957267637735818e+00 9.455180569006020619e+01 9.183018814651186190e+00 
4.000000000000000222e-01 3.000000000000000000e+00 7.307831571898006917e-01 9.495701755761947194e-01 3.791617226953356568e+00 9.474675564065236699e+01 7.583128244327194345e+00 
2.189999999999999725e-01 5.000000000000000000e+00 8.165502745803593365e-01 9.518632155651393090e-01 5.901793083674636620e+00 9.474973966877165310e+01 9.183018814651186190e+00 
7.620000000000000107e-01 2.000000000000000000e+00 7.304556055395268199e-01 9.267814389441992873e-01 2.814262506505853523e+00 9.706383678512925428e+01 7.578178857130195567e+00 
2.129999999999999671e-01 1.000000000000000000e+01 8.165502745803593365e-01 9.289346296538948389e-01 1.016923547427114194e+01 9.485738811062225295e+01 9.183018814651186190e+00 
2.129999999999999671e-01 1.000000000000000000e+01 8.165502745803593365e-01 9.008279178192797332e-01 1.031472401192598376e+01 9.455185073938061180e+01 9.183018814651186190e+00 
2.369999999999999885e-01 1.000000000000000000e+01 8.452543248149432253e-01 9.634256312379212428e-01 1.008123725447958918e+01 9.474935365462449965e+01 4.730575572417041741e-01 
4.320000000000000506e-01 3.000000000000000000e+00 9.282547625056117857e-01 9.347292834969118669e-01 3.198917058962370330e+00 9.474675564065236699e+01 7.583128244327194345e+00 
5.620000000000000551e-01 2.000000000000000000e+00 8.165502745803593365e-01 9.518632155651393090e-01 2.876864859273235986e+00 9.474488794389311863e+01 9.183018814651186190e+00 
5.620000000000000551e-01 2.000000000000000000e+00 7.307831571898006917e-01 8.779015324901677797e-01 2.907005851113441341e+00 9.468128626503629164e+01 7.583128244327194345e+00 
3.830000000000000071e-01 3.000000000000000000e+00 7.319006315877083502e-01 9.496085372406380953e-01 3.880554579904666124e+00 9.485479009665012029e+01 9.183018814651186190e+00 
2.239999999999999769e-01 1.200000000000000000e+01 8.165502745803593365e-01 8.902829926145873207e-01 1.278863214518601588e+01 9.455185073938061180e+01 9.183018814651186190e+00 
2.409999999999999920e-01 1.100000000000000000e+01 7.240716895185395074e-01 9.281594296161663760e-01 1.185103560404813550e+01 9.485738811062225295e+01 9.183018814651186190e+00 
2.129999999999999671e-01 1.000000000000000000e+01 8.165502745803593365e-01 8.804052705589477945e-01 1.031590271198094655e+01 9.455670246425914627e+01 9.183018814651186190e+00 
2.189999999999999725e-01 5.000000000000000000e+00 1.024978888643812702e+00 9.518632155651393090e-01 5.901793083674636620e+00 9.474973966877165310e+01 9.183018814651186190e+00 
2.690000000000000169e-01 7.000000000000000000e+00 8.305947432686606735e-01 9.554413961840347858e-01 7.593729369945378060e+00 9.486146299838836171e+01 9.195193264638497510e+00 
2.319999999999999840e-01 1.000000000000000000e+01 7.333489964945129058e-01 8.804860251823575235e-01 1.055959284924431074e+01 9.468128626503629164e+01 1.292208013054772664e+01 
2.129999999999999671e-01 1.000000000000000000e+01 8.321609813723173099e-01 9.008279178192797332e-01 1.031472401192598376e+01 9.455185073938061180e+01 9.183018814651186190e+00 
5.620000000000000551e-01 2.000000000000000000e+00 8.165502745803593365e-01 9.518632155651393090e-01 2.874030967450319274e+00 9.475069574191536503e+01 9.183018814651186190e+00 
2.129999999999999671e-01 1.000000000000000000e+01 8.165502745803593365e-01 9.445322558791994227e-01 1.031590271198094655e+01 9.454698889234620651e+01 9.183018814651186190e+00 
6.679999999999999272e-01 3.000000000000000000e+00 8.257604452906750492e-01 9.518632155651393090e-01 3.936180688582311404e+00 9.474973966877165310e+01 3.117582637812604140e+00 
5.620000000000000551e-01 2.000000000000000000e+00 8.139844352756472334e-01 8.778207778667580508e-01 2.679586757917403972e+00 9.455670246425914627e+01 9.183018814651186190e+00 
2.129999999999999671e-01 1.000000000000000000e+01 9.306651521789880421e-01 9.008279178192797332e-01 1.031472401192598376e+01 9.455089466623689987e+01 9.183018814651186190e+00 
3.770000000000000018e-01 3.000000000000000000e+00 7.117492559440318223e-01 8.854815513950321515e-01 3.880554579904666124e+00 9.486450366856306005e+01 9.183018814651186190e+00 
5.620000000000000551e-01 2.000000000000000000e+00 7.215729864794850901e-01 8.779015324901677797e-01 2.907005851113441341e+00 9.468128626503629164e+01 9.354320334503817946e+00 
6.710000000000000409e-01 3.000000000000000000e+00 7.319006315877083502e-01 9.496085372406380953e-01 3.880554579904666124e+00 9.454833090536932616e+01 1.643222084547321771e+00 
2.359999999999999876e-01 8.000000000000000000e+00 8.165502745803593365e-01 9.504636963259353033e-01 8.919661410542419233e+00 9.486494471372438397e+01 3.118314520104854637e+01 
2.359999999999999876e-01 2.100000000000000000e+01 6.926570285616058253e-01 8.277025938204417566e-01 2.164155854571973947e+01 5.495936876730594634e+01 2.755911324306836718e+00 
2.359999999999999876e-01 1.700000000000000000e+01 1.154918352144729266e+00 5.381433132192782187e-01 1.782712239195642212e+01 7.884287034284042761e+01 3.031948292916449716e+01 
2.359999999999999876e-01 2.100000000000000000e+01 7.348970452729119973e-01 1.340416972471647483e-01 2.134942334946220299e+01 2.034552406761496002e+01 2.623133404418495118e+01 
1.000000000000000000e+00 2.500000000000000000e+01 1.150510541682073562e+00 2.804087579860399249e-01 2.528916677271848101e+01 9.807371998012386882e+01 9.616571936637868134e+01 
2.359999999999999876e-01 1.500000000000000000e+01 1.114705917082947195e+00 5.412268555474342158e-01 1.529077779417779936e+01 1.606520087751268733e+01 9.699254132161325970e+01 
1.000000000000000000e+00 3.100000000000000000e+01 8.224960197670301287e-01 1.158656124707703183e-01 3.192750826580002155e+01 7.766831143422979267e+01 6.130033010530404880e+01 
2.359999999999999876e-01 2.700000000000000000e+01 1.384216786707263669e+00 3.959287666420285845e-02 2.737228463648104082e+01 4.593358828854037057e+01 6.234957914987560024e+00 
2.359999999999999876e-01 3.000000000000000000e+01 9.978594367951248989e-01 8.526328384806567406e-01 3.046116886900563259e+01 2.600974477372232130e+01 8.398815210314087665e+01 
1.000000000000000000e+00 3.800000000000000000e+01 8.132942341301130362e-01 5.108888844665330220e-01 3.814544996970453639e+01 1.479220357849565559e+01 8.196267191192769985e+01 
2.359999999999999876e-01 1.700000000000000000e+01 1.154918352144729266e+00 5.416204905275481263e-01 1.782712239195642212e+01 7.831096903754659877e+01 3.031948292916449716e+01 
2.419999999999999929e-01 8.000000000000000000e+00 8.165502745803593365e-01 9.504636963259353033e-01 8.919661410542419233e+00 9.486494471372438397e+01 5.760810851690965961e+00 
2.359999999999999876e-01 2.100000000000000000e+01 6.926570285616058253e-01 5.378962016630137732e-01 2.164155854571973947e+01 5.478034390271631793e+01 2.755911324306836718e+00 
2.359999999999999876e-01 2.100000000000000000e+01 5.275816339941271638e-01 8.343893855900450518e-01 2.134030348383743458e+01 2.028444482124617210e+01 2.595556279810699962e+01 
2.389999999999999902e-01 7.000000000000000000e+00 8.155811480836749894e-01 5.498453001171603738e-01 7.337309627108280274e+00 9.451203626845634176e+01 4.393181465954833698e+01 
2.359999999999999876e-01 1.500000000000000000e+01 1.114705917082947195e+00 5.381131813673433184e-01 1.529077779417779936e+01 1.659814398228737176e+01 9.699254132161325970e+01 
2.359999999999999876e-01 2.700000000000000000e+01 1.384216786707263669e+00 7.173379228633081084e-02 2.737228463648104082e+01 4.593358828854037057e+01 3.165892010803384338e+01 
2.359999999999999876e-01 1.500000000000000000e+01 1.114705917082947195e+00 8.310332195669630773e-01 1.529077779417779936e+01 1.624426512227038444e+01 9.699254132161325970e+01 
2.359999999999999876e-01 2.100000000000000000e+01 6.908311698649112209e-01 1.274265794557875031e-01 2.165067841134451143e+01 5.495936876730594634e+01 3.044045503554094978e+00 
1.000000000000000000e+00 1.900000000000000000e+01 1.155887478522173328e+00 9.385664443735046714e-01 1.940948906240166849e+01 7.919569223404876368e+01 3.033709017172491329e+01 
2.359999999999999876e-01 1.700000000000000000e+01 7.156393917850896180e-01 5.381433132192782187e-01 1.782712239195642212e+01 5.479255587582225218e+01 3.031948292916449716e+01 
2.369999999999999885e-01 1.100000000000000000e+01 8.165502745803593365e-01 9.504636963259353033e-01 1.142072709968673827e+01 9.486494471372438397e+01 2.078084243991843749e+01 
2.359999999999999876e-01 1.500000000000000000e+01 1.097489940951951848e+00 5.412268555474342158e-01 1.529077779417779936e+01 1.606520087751268733e+01 9.727300492302254042e+01 
2.359999999999999876e-01 2.100000000000000000e+01 1.106429169565303461e+00 1.274265794557875031e-01 2.165067841134451143e+01 5.495936876730594634e+01 4.346351948477435556e+00 
2.359999999999999876e-01 1.600000000000000000e+01 1.154918352144729266e+00 5.381433132192782187e-01 1.626930635495609678e+01 7.777754936874197256e+01 3.031948292916449716e+01 
2.359999999999999876e-01 2.100000000000000000e+01 1.273016898584857781e+00 8.277025938204417566e-01 2.164155854571973947e+01 8.066437091127947667e+01 2.755911324306836718e+00 
2.279999999999999805e-01 8.000000000000000000e+00 8.165502745803593365e-01 9.504636963259353033e-01 8.919661410542419233e+00 9.486494471372438397e+01 7.152720300839110479e+00 
2.359999999999999876e-01 1.500000000000000000e+01 9.853668669789912293e-01 4.391973312714765321e-01 1.529077779417779936e+01 1.606520087751268733e+01 9.699254132161325970e+01 
2.469999999999999973e-01 1.300000000000000000e+01 6.991079169835731077e-01 8.310332195669630773e-01 1.336618238055916486e+01 1.056857503926625874e+01 9.699254132161325970e+01 
2.359999999999999876e-01 1.700000000000000000e+01 8.160689204228021021e-01 9.752984118490279908e-01 1.781521416335134234e+01 7.826643053742823497e+01 3.034189031690045724e+01 
2.359999999999999876e-01 9.000000000000000000e+00 8.290434905602561688e-01 9.243261154513087163e-01 9.087783327177545445e+00 1.606520087751268733e+01 8.563143255800159181e+01 
2.169999999999999707e-01 1.000000000000000000e+01 7.804224809331196111e-01 9.504636963259353033e-01 1.076722788202960679e+01 9.486494471372438397e+01 7.179451010251968412e+00 
2.399999999999999911e-01 7.000000000000000000e+00 6.041291053544076695e-01 5.490557450725968014e-01 7.337309627108280274e+00 9.451203626845634176e+01 4.393181465954833698e+01 
2.389999999999999902e-01 7.000000000000000000e+00 8.165641210628344915e-01 9.486856993322960729e-01 7.337309627108280274e+00 9.486293895546198485e+01 4.393181465954833698e+01 
2.359999999999999876e-01 1.500000000000000000e+01 9.772773837879004111e-01 4.497800736820982137e-01 1.512265587843953085e+01 9.486494471372438397e+01 2.158496662826184576e+01 
2.419999999999999929e-01 8.000000000000000000e+00 8.165502745803593365e-01 9.504636963259353033e-01 8.919661410542419233e+00 9.486494471372438397e+01 5.734080142278108028e+00 
2.359999999999999876e-01 1.500000000000000000e+01 1.127690911107380067e+00 5.389027364119070018e-01 1.529077779417779936e+01 1.659814398228737176e+01 9.699254132161325970e+01 
2.369999999999999885e-01 8.000000000000000000e+00 8.165502745803593365e-01 9.504636963259353033e-01 8.919661410542419233e+00 9.486494471372438397e+01 1.382164943354201547e+01 
2.369999999999999885e-01 1.100000000000000000e+01 8.155673016011997234e-01 5.514411044959778296e-01 1.142072709968673827e+01 9.451404202671874089e+01 2.078084243991843749e+01 
2.419999999999999929e-01 8.000000000000000000e+00 8.165502745803593365e-01 9.569972045142201011e-01 8.919661410542419233e+00 9.486494471372438397e+01 5.760810851690965961e+00 
2.399999999999999911e-01 8.000000000000000000e+00 8.165648291235906298e-01 9.504636963259353033e-01 8.919661410542419233e+00 9.486490724976498257e+01 2.956218001541562401e+01 
2.359999999999999876e-01 1.000000000000000000e+01 7.806922110071161658e-01 9.504636963259353033e-01 1.076662876817308501e+01 9.749030867124564281e+01 7.179451010251968412e+00 
2.379999999999999893e-01 8.000000000000000000e+00 8.154347941031883096e-01 9.896293708504700914e-01 8.385710338349500859e+00 9.486494471372438397e+01 3.089060223514085024e+01 
2.389999999999999902e-01 7.000000000000000000e+00 8.165641210628344915e-01 5.430229279528363540e-01 7.337309627108280274e+00 9.486293895546198485e+01 4.393181465954833698e+01 
2.369999999999999885e-01 8.000000000000000000e+00 8.165502745803593365e-01 9.504636963259353033e-01 8.919661410542419233e+00 9.486494471372438397e+01 1.862126310836592680e+01 
2.970000000000000417e-01 7.000000000000000000e+00 8.165495665196030872e-01 9.486856993322960729e-01 7.337309627108280274e+00 9.486297641942140046e+01 4.555277984519003098e+01 
2.239999999999999769e-01 9.000000000000000000e+00 8.153114180096785457e-01 5.498453001171603738e-01 9.137123530430548257e+00 9.451203626845634176e+01 4.393181465954833698e+01 
2.379999999999999893e-01 8.000000000000000000e+00 7.815379614102906380e-01 9.504636963259353033e-01 8.858243094280210173e+00 9.486494471372438397e+01 4.973455030837895308e+00 
2.399999999999999911e-01 7.000000000000000000e+00 6.041291053544076695e-01 9.543556745655119578e-01 7.337309627108280274e+00 9.451203626845634176e+01 4.393181465954833698e+01 
2.369999999999999885e-01 8.000000000000000000e+00 6.505757495448643013e-01 9.504636963259353033e-01 8.919661410542419233e+00 9.486494471372438397e+01 1.306591552751081053e+01 
2.179999999999999716e-01 1.000000000000000000e+01 5.989011965429522633e-01 9.504224918819823564e-01 1.086918733949135962e+01 9.451445308014061197e+01 4.381175212112829342e+01 
3.729999999999999982e-01 7.000000000000000000e+00 8.155811480836749894e-01 5.498453001171603738e-01 7.337309627108280274e+00 8.829072223619635906e+01 4.393181465954833698e+01 
2.399999999999999911e-01 7.000000000000000000e+00 6.041291053544076695e-01 5.722927745833147339e-01 7.337309627108280274e+00 9.451203626845634176e+01 4.393181465954833698e+01 
2.199999999999999734e-01 8.000000000000000000e+00 8.165502745803593365e-01 9.504636963259353033e-01 8.919661410542419233e+00 9.486494471372438397e+01 9.183018814651186190e+00 
2.259999999999999787e-01 8.000000000000000000e+00 8.155811480836749894e-01 5.498453001171603738e-01 8.178267932309360333e+00 9.451203626845634176e+01 4.393181465954833698e+01 
2.449999999999999956e-01 7.000000000000000000e+00 7.856503897445756834e-01 7.613150829167634193e-01 7.235350169680825339e+00 9.486252790204011376e+01 7.302431494589686878e+00 
2.389999999999999902e-01 7.000000000000000000e+00 8.165641210628344915e-01 9.494250565523304486e-01 7.337309627108280274e+00 9.488491066868222390e+01 4.393181465954833698e+01 
2.359999999999999876e-01 7.000000000000000000e+00 6.437335852312661144e-01 9.308992844956067714e-01 7.337309627108280274e+00 9.451203626845634176e+01 4.733852108773730549e+01 
2.479999999999999982e-01 1.100000000000000000e+01 7.804224809331196111e-01 9.504636963259353033e-01 1.196357914877286888e+01 9.486494471372438397e+01 7.153657689602468395e+00 
2.389999999999999902e-01 7.000000000000000000e+00 9.112171293945504624e-01 5.766488233151921827e-01 7.337309627108280274e+00 9.486293895546198485e+01 4.393181465954833698e+01 
2.179999999999999716e-01 1.000000000000000000e+01 5.989011965429522633e-01 9.504224918819823564e-01 1.077095933069132627e+01 9.455165990324276493e+01 4.381175212112829342e+01 
2.359999999999999876e-01 7.000000000000000000e+00 6.437335852312661144e-01 9.306977687394891730e-01 7.337309627108280274e+00 9.451203626845634176e+01 4.733852108773730549e+01 
2.389999999999999902e-01 7.000000000000000000e+00 9.009172981237082434e-01 9.780643878099013477e-01 7.337309627108280274e+00 9.486293895546198485e+01 4.393181465954833698e+01 
2.429999999999999938e-01 7.000000000000000000e+00 7.804224809331196111e-01 9.504636963259353033e-01 7.385735448408470738e+00 9.486494471372438397e+01 5.675940113899068251e+01 
2.369999999999999885e-01 1.000000000000000000e+01 7.804224809331196111e-01 9.504636963259353033e-01 1.086545589082964014e+01 9.482773789062223102e+01 4.853870282355220667e+00 
2.199999999999999734e-01 8.000000000000000000e+00 8.165502745803593365e-01 9.506652120820526797e-01 8.919661410542419233e+00 9.486494471372438397e+01 9.183018814651186190e+00 
2.179999999999999716e-01 1.000000000000000000e+01 6.062333057084982046e-01 5.459706660428259584e-01 1.086918733949135962e+01 9.451445308014061197e+01 4.381175212112829342e+01 
2.359999999999999876e-01 1.000000000000000000e+01 9.112171293945504624e-01 5.766488233151921827e-01 1.071880206073720565e+01 9.118024025169700053e+01 2.965631083395788181e+00 
2.169999999999999707e-01 1.000000000000000000e+01 8.155811480836749894e-01 5.711644976557042064e-01 1.073334372252003632e+01 9.452069099653320450e+01 4.393181465954833698e+01 
2.449999999999999956e-01 7.000000000000000000e+00 7.804224809331196111e-01 9.504636963259353033e-01 7.371193786625709343e+00 9.485628998564752123e+01 7.179451010251968412e+00 
2.359999999999999876e-01 7.000000000000000000e+00 9.029246538485793394e-01 8.767655828878244684e-01 7.337309627108280274e+00 9.451203626845634176e+01 4.726941320941491398e+01 
2.369999999999999885e-01 1.000000000000000000e+01 6.062333057084982046e-01 5.459706660428259584e-01 1.086918733949135962e+01 9.484998518629987529e+01 4.097642103128788449e+01 
2.379999999999999893e-01 7.000000000000000000e+00 7.828508915960833425e-01 5.498453001171603738e-01 7.337309627108280274e+00 9.451203626845634176e+01 8.044452243473070752e+00 
2.359999999999999876e-01 7.000000000000000000e+00 6.437335852312661144e-01 9.306977687394891730e-01 7.078240643720854486e+00 9.451203626845634176e+01 4.733852108773730549e+01 
2.169999999999999707e-01 1.000000000000000000e+01 8.155811480836749894e-01 5.712613768482526222e-01 1.073334372252003632e+01 9.452069099653320450e+01 4.393181465954833698e+01 
2.359999999999999876e-01 9.000000000000000000e+00 6.417262295064097843e-01 9.697789434572784417e-01 9.719145833254142275e+00 9.486293895546198485e+01 4.400092253787072849e+01 
2.379999999999999893e-01 1.000000000000000000e+01 7.804224809331196111e-01 9.504636963259353033e-01 1.076722788202960679e+01 9.452941260756512065e+01 1.001722024733532734e+01 
2.169999999999999707e-01 1.000000000000000000e+01 8.131527374207113690e-01 9.504636963259353033e-01 1.076722788202960679e+01 9.486494471372438397e+01 4.306961275324901095e+01 
2.179999999999999716e-01 1.000000000000000000e+01 6.062333057084982046e-01 5.458737868502774315e-01 1.086918733949135962e+01 9.451445308014061197e+01 4.381175212112829342e+01 
2.379999999999999893e-01 1.000000000000000000e+01 7.802831788941745339e-01 9.304287136643701883e-01 1.086428560681600786e+01 9.494631183288490206e+01 1.059248859055387726e+01 
2.359999999999999876e-01 7.000000000000000000e+00 6.437335852312661144e-01 9.306968749532793517e-01 7.078240643720854486e+00 9.451203626845634176e+01 4.733852108773730549e+01 
2.369999999999999885e-01 9.000000000000000000e+00 6.437335852312661144e-01 9.306977687394891730e-01 9.013018479608252420e+00 9.449334795602220538e+01 6.540128781323148566e+00 
2.329999999999999849e-01 1.000000000000000000e+01 6.437335852312661144e-01 9.507095996270998883e-01 1.063133272499928950e+01 9.451203626845634176e+01 5.019614673988770903e+01 
2.449999999999999956e-01 7.000000000000000000e+00 7.754971090521326493e-01 9.505330707684339631e-01 7.287884962903383723e+00 9.487457305222753234e+01 7.179451010251968412e+00 
2.359999999999999876e-01 7.000000000000000000e+00 6.437335852312661144e-01 9.309001782818167037e-01 7.337309627108280274e+00 9.451203626845634176e+01 4.733852108773730549e+01 
1.000000000000000000e+00 5.000000000000000000e+00 8.165502745803593365e-01 8.952498270877456976e-01 5.721691151137145326e+00 9.329504061953457494e+01 4.973368559877921058e+01 
2.379999999999999893e-01 8.000000000000000000e+00 8.165502745803593365e-01 9.306533811944419643e-01 8.752492298749382726e+00 9.486494471372438397e+01 6.347714433464318518e+00 
2.369999999999999885e-01 1.000000000000000000e+01 5.933920301586486090e-01 9.308299100531078896e-01 1.081665254625224293e+01 9.450240792995319339e+01 4.733852108773730549e+01 
2.199999999999999734e-01 8.000000000000000000e+00 6.479642939523050371e-01 9.441547388415627573e-01 8.919661410542419233e+00 9.456262366335592162e+01 9.371318826865079998e+00 
2.359999999999999876e-01 7.000000000000000000e+00 7.394857098728432332e-01 9.679372144863306326e-01 7.078240643720854486e+00 9.481435731882480411e+01 4.733852108773730549e+01 
2.129999999999999671e-01 1.000000000000000000e+01 8.165502745803593365e-01 9.504636963259353033e-01 1.065826264878849372e+01 9.486494471372438397e+01 9.183018814651186190e+00 
5.120000000000000107e-01 7.000000000000000000e+00 8.177544433100146781e-01 9.308992844956067714e-01 7.337309627108280274e+00 9.329899742143072672e+01 4.736716778976015263e+01 
2.249999999999999778e-01 1.200000000000000000e+01 8.131527374207113690e-01 9.504636963259353033e-01 1.276793264490285829e+01 9.486494471372438397e+01 4.543721579389087140e+01 
2.369999999999999885e-01 1.000000000000000000e+01 8.131527374207113690e-01 9.504636963259353033e-01 1.079895116869643878e+01 9.485672379156920897e+01 6.817951584397896170e+00 
1.000000000000000000e+00 1.100000000000000000e+01 7.804224809331196111e-01 9.625652461410183491e-01 1.156028514583022471e+01 9.907420150052826102e+01 7.179451010251968412e+00 
2.259999999999999787e-01 9.000000000000000000e+00 7.804224809331196111e-01 9.504636963259353033e-01 9.028626643783532302e+00 9.486494471372438397e+01 7.179451010251968412e+00 
2.369999999999999885e-01 8.000000000000000000e+00 6.425294165016107728e-01 8.952498270877456976e-01 8.282722908187832189e+00 9.450807946656018999e+01 4.970503889675637055e+01 
1.000000000000000000e+00 5.000000000000000000e+00 8.165502745803593365e-01 8.952498270877456976e-01 5.233313537577491736e+00 9.329504061953457494e+01 4.942586782786587918e+01 
2.429999999999999938e-01 8.000000000000000000e+00 6.479642939523050371e-01 9.489293876879529854e-01 8.887938123875587237e+00 9.457084458551111084e+01 5.340703450934434215e+01 
2.359999999999999876e-01 7.000000000000000000e+00 7.394857098728432332e-01 9.504633526826952172e-01 7.078240643720854486e+00 9.481435731882480411e+01 4.733852108773730549e+01 
1.000000000000000000e+00 5.000000000000000000e+00 9.509871574058685884e-01 8.952498270877456976e-01 5.233313537577491736e+00 9.329504061953457494e+01 4.942586782786587918e+01 
2.610000000000000098e-01 8.000000000000000000e+00 8.165502745803593365e-01 9.504636963259353033e-01 8.935147780628751590e+00 8.938599393734548926e+01 9.183018814651186190e+00 
2.199999999999999734e-01 8.000000000000000000e+00 6.496512958580004105e-01 9.682801293260975273e-01 8.919661410542419233e+00 9.456663489334262351e+01 9.371318826865079998e+00 
1.000000000000000000e+00 8.000000000000000000e+00 8.149057359727052141e-01 8.952498270877456976e-01 8.517768788020159576e+00 9.329504061953457494e+01 4.730048668932772671e+01 
2.359999999999999876e-01 7.000000000000000000e+00 8.175953792833084988e-01 8.971401331937173262e-01 7.254920941015553737e+00 9.677882504062473856e+01 4.717843338295909916e+01 
1.000000000000000000e+00 5.000000000000000000e+00 8.321842549775463338e-01 9.189399512442595341e-01 5.721691151137145326e+00 9.329504061953457494e+01 4.973368559877921058e+01 
2.369999999999999885e-01 1.000000000000000000e+01 8.368584738481967822e-01 9.504636963259353033e-01 1.064277627870215959e+01 9.486494471372438397e+01 1.815689693545045813e+01 
2.359999999999999876e-01 7.000000000000000000e+00 7.911077538301525269e-01 9.438118240011181825e-01 7.078240643720854486e+00 9.481034608883810222e+01 4.733852108773730549e+01 
2.369999999999999885e-01 7.000000000000000000e+00 6.453781238389203478e-01 9.224590643616272789e-01 7.078240643720854486e+00 9.451203626845634176e+01 4.475364189908248136e+01 
2.359999999999999876e-01 7.000000000000000000e+00 7.384406051698940709e-01 8.948591846777987913e-01 7.134360738703910521e+00 9.117598945832934021e+01 4.989377330355742401e+01 
2.369999999999999885e-01 1.000000000000000000e+01 8.165502745803593365e-01 9.506136943412206719e-01 1.065826264878849372e+01 9.486494471372438397e+01 4.798284423077963368e+01 
2.199999999999999734e-01 8.000000000000000000e+00 7.956504838213949160e-01 9.696951724244229354e-01 8.919661410542419233e+00 9.456276273467267401e+01 9.371318826865079998e+00 
5.130000000000000115e-01 7.000000000000000000e+00 8.321842549775463338e-01 9.689391041397029669e-01 7.094638375241550499e+00 9.329504061953457494e+01 4.729497340836376651e+01 
2.189999999999999725e-01 5.000000000000000000e+00 8.165502745803593365e-01 9.518632155651393090e-01 5.874129217744012088e+00 9.474740121429249484e+01 9.183018814651186190e+00 
1.000000000000000000e+00 5.000000000000000000e+00 8.165502745803593365e-01 7.849845468354998967e-01 5.721691151137145326e+00 9.329504061953457494e+01 1.093532913290885489e+01 
2.199999999999999734e-01 8.000000000000000000e+00 6.496512958580004105e-01 9.427396957382243592e-01 8.919661410542419233e+00 9.456649582202587112e+01 9.371318826865079998e+00 
2.359999999999999876e-01 7.000000000000000000e+00 7.384406051698940709e-01 8.948591846777987913e-01 7.859711050388985321e+00 9.117598945832934021e+01 4.989377330355742401e+01 
2.379999999999999893e-01 7.000000000000000000e+00 7.394857098728432332e-01 9.179380581696771069e-01 7.144818337315473222e+00 9.006877159474531425e+01 4.977723327815275667e+01 
1.000000000000000000e+00 1.000000000000000000e+01 8.165502745803593365e-01 8.938503076247201751e-01 1.050582461175239146e+01 9.341258411896646408e+01 4.973368559877921058e+01 
2.379999999999999893e-01 8.000000000000000000e+00 6.496512958580004105e-01 9.682028537296269999e-01 8.919661410542419233e+00 9.857932321496370776e+01 9.371318826865079998e+00 
2.269999999999999796e-01 8.000000000000000000e+00 6.490447884048924365e-01 9.672663838123449764e-01 8.919661410542419233e+00 9.458596424623119958e+01 1.103999811543785725e+01 
1.000000000000000000e+00 8.000000000000000000e+00 8.233311775734268867e-01 9.427396957382243592e-01 8.919661410542419233e+00 8.188163646611405966e+01 9.371318826865079998e+00 
2.189999999999999725e-01 5.000000000000000000e+00 8.165502745803593365e-01 9.504636963259353033e-01 5.473198326652868317e+00 9.486494471372438397e+01 9.183018814651186190e+00 
2.189999999999999725e-01 5.000000000000000000e+00 8.143778331223641143e-01 9.518632155651393090e-01 5.864344722711463120e+00 9.455207186861457558e+01 9.183018814651186190e+00 
2.369999999999999885e-01 9.000000000000000000e+00 6.496512958580004105e-01 9.641225662325187962e-01 9.031326484798649190e+00 9.456663489334262351e+01 8.569591740292278104e+00 
1.000000000000000000e+00 5.000000000000000000e+00 8.327907624306544188e-01 9.199536954266360755e-01 5.721691151137145326e+00 9.327571126664598467e+01 4.806630113462067300e+01 
2.189999999999999725e-01 5.000000000000000000e+00 5.333540729536581093e-01 9.518632155651393090e-01 5.874129217744012088e+00 9.456195767261196750e+01 9.183018814651186190e+00 
1.000000000000000000e+00 1.000000000000000000e+01 8.165502745803593365e-01 7.849845468354998967e-01 1.090675576052493412e+01 9.388269977695232171e+01 4.147120128436598385e+00 
2.489999999999999991e-01 8.000000000000000000e+00 6.518237373159956327e-01 8.639266763063947474e-01 8.929445905668931260e+00 9.947707631062904454e+01 9.371318826865079998e+00 
1.000000000000000000e+00 5.000000000000000000e+00 8.321842549775463338e-01 9.540580056806540199e-01 5.610026078037936514e+00 9.329504061953457494e+01 5.253619757930486145e+01 
2.369999999999999885e-01 5.000000000000000000e+00 5.346781280012729010e-01 7.847977632625103839e-01 5.713554357454790456e+00 9.456730038969415375e+01 8.517975219209546367e+00 
2.189999999999999725e-01 5.000000000000000000e+00 8.165502745803593365e-01 9.518632017088792807e-01 5.950414949178508550e+00 9.486606628196760482e+01 9.183018814651186190e+00 
2.189999999999999725e-01 5.000000000000000000e+00 8.165502745803593365e-01 9.504552460555827365e-01 5.473198326652868317e+00 9.486494471372438397e+01 9.183018814651186190e+00 
2.710000000000000187e-01 5.000000000000000000e+00 8.213920143955222297e-01 9.810352632882287649e-01 5.473232410019717165e+00 9.859857091030399090e+01 1.042540250482046460e+00 
2.359999999999999876e-01 1.000000000000000000e+01 8.143778331223641143e-01 9.517587105241497314e-01 1.065673480115902727e+01 9.455207186861457558e+01 8.840111941112047234e+00 
1.000000000000000000e+00 5.000000000000000000e+00 8.152262195335450157e-01 9.520480815907688132e-01 5.882266011426366070e+00 9.328969790245240290e+01 1.305453823379356493e+01 
2.129999999999999671e-01 1.000000000000000000e+01 8.626130080106413356e-01 9.504637101821953316e-01 1.058197693207226209e+01 9.474627964604927399e+01 9.183018814651186190e+00 
2.189999999999999725e-01 5.000000000000000000e+00 8.165502745803593365e-01 9.518716658354918758e-01 5.874129217744012088e+00 9.474740121429249484e+01 9.183018814651186190e+00 
2.189999999999999725e-01 5.000000000000000000e+00 5.285123331405214842e-01 9.503216150700942721e-01 5.874095134377162353e+00 9.486494471372438397e+01 9.183018814651186190e+00 
3.279999999999999583e-01 5.000000000000000000e+00 7.423395870239777317e-01 7.679177678721351707e-01 5.865872586269142097e+00 9.160669861795220470e+01 9.183018814651186190e+00 
2.129999999999999671e-01 1.000000000000000000e+01 8.165502745803593365e-01 9.504557519941679855e-01 1.047676753963283147e+01 9.486965436055768919e+01 9.183018814651186190e+00 
2.249999999999999778e-01 5.000000000000000000e+00 8.165502745803593365e-01 9.504624117936725236e-01 5.473198326652868317e+00 9.486563559097001530e+01 1.510504392411996122e+01 
2.189999999999999725e-01 5.000000000000000000e+00 8.143778331223641143e-01 9.867890852639914501e-01 5.864344722711463120e+00 9.475828091685056620e+01 9.183018814651186190e+00 
2.189999999999999725e-01 5.000000000000000000e+00 8.165502745803593365e-01 9.518823395797232356e-01 5.493944197917038252e+00 9.486492718081254338e+01 9.183018814651186190e+00 
2.379999999999999893e-01 5.000000000000000000e+00 5.285123331405214842e-01 9.503216150700942721e-01 5.874095134377162353e+00 9.486494471372438397e+01 1.485911136492837592e+01 
4.050000000000000266e-01 6.000000000000000000e+00 8.626130080106413356e-01 9.212890170410334978e-01 6.055624349982647203e+00 9.833680357499292768e+01 9.183018814651186190e+00 
3.569999999999999840e-01 5.000000000000000000e+00 8.165502745803593365e-01 9.518645000974020887e-01 5.874129217744012088e+00 8.741911102227972208e+01 9.183018814651186190e+00 
2.189999999999999725e-01 5.000000000000000000e+00 8.165502745803593365e-01 9.518632155651393090e-01 5.874129217744012088e+00 9.454119216605650422e+01 9.183018814651186190e+00 
3.199999999999999512e-01 5.000000000000000000e+00 8.165502745803593365e-01 9.504445584550912374e-01 5.929669077914338615e+00 9.260632553967997183e+01 9.183018814651186190e+00 
2.369999999999999885e-01 1.100000000000000000e+01 8.985452185764142286e-01 9.504636963259353033e-01 1.174497587496628093e+01 9.486494471372438397e+01 1.833947385264120555e+01 
2.189999999999999725e-01 5.000000000000000000e+00 8.165502745803593365e-01 9.518632155651393090e-01 5.874129217744012088e+00 9.486415957481017358e+01 9.183018814651186190e+00 
2.770000000000000240e-01 6.000000000000000000e+00 7.695217805108945930e-01 9.867150932039431277e-01 6.012410383941494629e+00 9.474726593872209435e+01 9.183018814651186190e+00 
1.000000000000000000e+00 1.300000000000000000e+01 8.140419222486480200e-01 9.504737530760214437e-01 1.374145008691882452e+01 9.540543279901572760e+01 9.183018814651186190e+00 
2.610000000000000098e-01 1.000000000000000000e+01 8.143863918688822867e-01 9.504659501350463113e-01 1.053505563175823667e+01 9.570749759385313382e+01 9.183018814651186190e+00 
5.620000000000000551e-01 2.000000000000000000e+00 8.165502745803593365e-01 9.518632155651393090e-01 2.874030967450319274e+00 9.474973966877165310e+01 9.183018814651186190e+00 
2.189999999999999725e-01 5.000000000000000000e+00 8.165502745803593365e-01 9.504636963259353033e-01 5.473198326652868317e+00 9.454197730497071461e+01 9.183018814651186190e+00 
2.189999999999999725e-01 5.000000000000000000e+00 8.166232540779341242e-01 9.519371414461493819e-01 5.864141653045406244e+00 9.475841619242096669e+01 9.183018814651186190e+00 
2.129999999999999671e-01 1.000000000000000000e+01 8.165502745803593365e-01 9.281594296161663760e-01 1.017009725464247794e+01 9.485738811062225295e+01 9.183018814651186190e+00 
2.189999999999999725e-01 5.000000000000000000e+00 8.165417158338412751e-01 9.518609617560283009e-01 5.987551754860836795e+00 9.455207186861457558e+01 9.183018814651186190e+00 
2.189999999999999725e-01 5.000000000000000000e+00 8.165502745803593365e-01 9.504636963259353033e-01 5.473198326652868317e+00 9.486260625924522571e+01 9.183018814651186190e+00 
2.189999999999999725e-01 5.000000000000000000e+00 8.165502745803593365e-01 9.281594296161663760e-01 5.387717348393419314e+00 9.485733864203932342e+01 9.183018814651186190e+00 
2.219999999999999751e-01 5.000000000000000000e+00 8.628888148852489337e-01 9.518632155651393090e-01 5.874129217744012088e+00 9.472838407555322249e+01 5.334877732399975869e+00 
2.710000000000000187e-01 5.000000000000000000e+00 8.165501949919434788e-01 9.504557519941679855e-01 5.927723690640974041e+00 9.932651379039499773e+01 9.183018814651186190e+00 
2.129999999999999671e-01 1.000000000000000000e+01 8.165502745803593365e-01 9.799500077845511026e-01 1.014078890495042984e+01 9.486037213874155327e+01 9.183018814651186190e+00 
2.780000000000000249e-01 6.000000000000000000e+00 8.165502745803593365e-01 9.518632155651393090e-01 6.037034535066529095e+00 9.485899578723358161e+01 9.183018814651186190e+00 
2.359999999999999876e-01 1.100000000000000000e+01 8.165502745803593365e-01 9.504636963259353033e-01 1.184737122426152034e+01 9.220762404256966249e+01 3.506332574420953030e+00 
2.189999999999999725e-01 5.000000000000000000e+00 8.165502745803593365e-01 9.518632155651393090e-01 5.874129217744012088e+00 9.456020930479577657e+01 9.183018814651186190e+00 
2.680000000000000160e-01 1.000000000000000000e+01 8.165417954222572439e-01 9.518609617560283009e-01 1.053659561566895420e+01 9.284224621020061363e+01 9.183018814651186190e+00 
5.620000000000000551e-01 2.000000000000000000e+00 7.307831571898006917e-01 9.281594296161663760e-01 2.907005851113441341e+00 9.474675564065236699e+01 7.583128244327194345e+00 
2.129999999999999671e-01 1.000000000000000000e+01 8.165502745803593365e-01 9.504557519941679855e-01 1.031386223155464776e+01 9.455185073938061180e+01 9.183018814651186190e+00 
2.359999999999999876e-01 1.000000000000000000e+01 8.165502745803593365e-01 9.518632155651393090e-01 1.009970894964419230e+01 9.919065845883910981e+01 1.981755078819631066e+01 
1.000000000000000000e+00 5.000000000000000000e+00 8.165502745803593365e-01 9.454733753977130339e-01 5.473198326652868317e+00 9.349666062426926771e+01 3.248338456020235299e+00 
7.189999999999999725e-01 2.000000000000000000e+00 8.112774111814815559e-01 9.518632155651393090e-01 2.846418819298356606e+00 9.570180388435477425e+01 9.183018814651186190e+00 
2.189999999999999725e-01 5.000000000000000000e+00 8.168778262306333193e-01 9.532496565074353168e-01 5.966974619589048068e+00 9.474737391677744824e+01 9.187968201848184080e+00 
4.010000000000000231e-01 3.000000000000000000e+00 8.552866396058587117e-01 9.504557519941679855e-01 3.091957267637735818e+00 9.455180569006020619e+01 9.183018814651186190e+00 
4.000000000000000222e-01 3.000000000000000000e+00 7.307831571898006917e-01 9.495701755761947194e-01 3.791617226953356568e+00 9.474675564065236699e+01 7.583128244327194345e+00 
2.189999999999999725e-01 5.000000000000000000e+00 8.165502745803593365e-01 9.518632155651393090e-01 5.901793083674636620e+00 9.474973966877165310e+01 9.183018814651186190e+00 
7.620000000000000107e-01 2.000000000000000000e+00 7.304556055395268199e-01 9.267814389441992873e-01 2.814262506505853523e+00 9.706383678512925428e+01 7.578178857130195567e+00 
2.129999999999999671e-01 1.000000000000000000e+01 8.165502745803593365e-01 9.289346296538948389e-01 1.016923547427114194e+01 9.485738811062225295e+01 9.183018814651186190e+00 
2.129999999999999671e-01 1.000000000000000000e+01 8.165502745803593365e-01 9.008279178192797332e-01 1.031472401192598376e+01 9.455185073938061180e+01 9.183018814651186190e+00 
2.369999999999999885e-01 1.000000000000000000e+01 8.452543248149432253e-01 9.634256312379212428e-01 1.008123725447958918e+01 9.474935365462449965e+01 4.730575572417041741e-01 
4.320000000000000506e-01 3.000000000000000000e+00 9.282547625056117857e-01 9.347292834969118669e-01 3.198917058962370330e+00 9.474675564065236699e+01 7.583128244327194345e+00 
5.620000000000000551e-01 2.000000000000000000e+00 8.165502745803593365e-01 9.518632155651393090e-01 2.876864859273235986e+00 9.474488794389311863e+01 9.183018814651186190e+00 
5.620000000000000551e-01 2.000000000000000000e+00 7.307831571898006917e-01 8.779015324901677797e-01 2.907005851113441341e+00 9.468128626503629164e+01 7.583128244327194345e+00 
3.830000000000000071e-01 3.000000000000000000e+00 7.319006315877083502e-01 9.496085372406380953e-01 3.880554579904666124e+00 9.485479009665012029e+01 9.183018814651186190e+00 
2.239999999999999769e-01 1.200000000000000000e+01 8.165502745803593365e-01 8.902829926145873207e-01 1.278863214518601588e+01 9.455185073938061180e+01 9.183018814651186190e+00 
2.409999999999999920e-01 1.100000000000000000e+01 7.240716895185395074e-01 9.281594296161663760e-01 1.185103560404813550e+01 9.485738811062225295e+01 9.183018814651186190e+00 
2.129999999999999671e-01 1.000000000000000000e+01 8.165502745803593365e-01 8.804052705589477945e-01 1.031590271198094655e+01 9.455670246425914627e+01 9.183018814651186190e+00 
2.189999999999999725e-01 5.000000000000000000e+00 1.024978888643812702e+00 9.518632155651393090e-01 5.901793083674636620e+00 9.474973966877165310e+01 9.183018814651186190e+00 
2.690000000000000169e-01 7.000000000000000000e+00 8.305947432686606735e-01 9.554413961840347858e-01 7.593729369945378060e+00 9.486146299838836171e+01 9.195193264638497510e+00 
2.319999999999999840e-01 1.000000000000000000e+01 7.333489964945129058e-01 8.804860251823575235e-01 1.055959284924431074e+01 9.468128626503629164e+01 1.292208013054772664e+01 
2.129999999999999671e-01 1.000000000000000000e+01 8.321609813723173099e-01 9.008279178192797332e-01 1.031472401192598376e+01 9.455185073938061180e+01 9.183018814651186190e+00 
5.620000000000000551e-01 2.000000000000000000e+00 8.165502745803593365e-01 9.518632155651393090e-01 2.874030967450319274e+00 9.475069574191536503e+01 9.183018814651186190e+00 
2.129999999999999671e-01 1.000000000000000000e+01 8.165502745803593365e-01 9.445322558791994227e-01 1.031590271198094655e+01 9.454698889234620651e+01 9.183018814651186190e+00 
6.679999999999999272e-01 3.000000000000000000e+00 8.257604452906750492e-01 9.518632155651393090e-01 3.936180688582311404e+00 9.474973966877165310e+01 3.117582637812604140e+00 
5.620000000000000551e-01 2.000000000000000000e+00 8.139844352756472334e-01 8.778207778667580508e-01 2.679586757917403972e+00 9.455670246425914627e+01 9.183018814651186190e+00 
2.129999999999999671e-01 1.000000000000000000e+01 9.306651521789880421e-01 9.008279178192797332e-01 1.031472401192598376e+01 9.455089466623689987e+01 9.183018814651186190e+00 
3.770000000000000018e-01 3.000000000000000000e+00 7.117492559440318223e-01 8.854815513950321515e-01 3.880554579904666124e+00 9.486450366856306005e+01 9.183018814651186190e+00 
5.620000000000000551e-01 2.000000000000000000e+00 7.215729864794850901e-01 8.779015324901677797e-01 2.907005851113441341e+00 9.468128626503629164e+01 9.354320334503817946e+00 
6.710000000000000409e-01 3.000000000000000000e+00 7.319006315877083502e-01 9.496085372406380953e-01 3.880554579904666124e+00 9.454833090536932616e+01 1.643222084547321771e+00 
